fecha,a√±o,mes,dia,dia_semana,es_fin_semana,demanda_maxima,disponibilidad_total,afectacion_predicha,deficit_predicho,respaldo,disponibilidad_07am,demanda_07am,plantas_averiadas,plantas_mantenimiento,mw_limitacion_termica,mw_motores_problemas,horas_afectacion,max_afectacion_mw
2022-12-30 08:29:00,2022,12,30,4,0,2600.0,3109.0,,,,2660.0,1750.0,5,2,348.0,800.0,,
2022-12-23 10:33:00,2022,12,23,4,0,2700.0,2713.0,60.0,,13.0,2340.0,1860.0,4,2,336.0,846.0,,
2022-12-17 08:56:00,2022,12,17,5,1,2730.0,2815.0,,,85.0,2440.0,1860.0,4,2,371.0,848.0,,177.0
2022-12-14 08:42:00,2022,12,14,2,0,2780.0,2583.0,267.0,197.0,,2200.0,1840.0,4,2,309.0,880.0,3.5,462.0
2022-12-13 08:46:00,2022,12,13,1,0,2750.0,2474.0,346.0,276.0,,2058.0,1820.0,4,2,209.0,872.0,1.5,196.0
2022-12-12 08:42:00,2022,12,12,0,0,2750.0,2740.0,80.0,10.0,,2250.0,1820.0,5,3,305.0,876.0,34.0,49.0
2022-12-11 09:06:00,2022,12,11,6,1,2700.0,2620.0,150.0,80.0,270.0,2250.0,1700.0,5,3,355.0,871.0,1.9,298.0
2022-12-08 08:53:00,2022,12,8,3,0,2750.0,2424.0,396.0,326.0,259.0,2150.0,1890.0,5,1,308.0,886.0,,242.0
2022-12-07 09:10:00,2022,12,7,2,0,2750.0,2632.0,188.0,118.0,,,,5,1,371.0,903.0,,238.0
2022-12-06 08:46:00,2022,12,6,1,0,2900.0,2533.0,437.0,367.0,233.0,,,5,1,449.0,871.0,,536.0
2022-12-05 08:38:00,2022,12,5,0,0,2900.0,2511.0,659.0,389.0,231.0,,,5,1,273.0,902.0,,377.0
2022-12-03 10:41:00,2022,12,3,5,1,3080.0,2419.0,731.0,661.0,,,,5,2,271.0,915.0,,1223.0
2022-12-02 10:34:00,2022,12,2,4,0,3170.0,2235.0,1005.0,935.0,,,,6,2,313.0,918.0,,1306.0
2023-01-31 08:46:00,2023,1,31,1,0,2720.0,2732.0,58.0,,12.0,2160.0,1920.0,5,3,332.0,821.0,,
2023-01-30 08:28:00,2023,1,30,0,0,2750.0,2773.0,50.0,,,2410.0,1850.0,5,2,311.0,820.0,,50.0
2023-01-27 08:39:00,2023,1,27,4,0,2780.0,2638.0,212.0,142.0,,2160.0,1950.0,4,4,305.0,809.0,,351.0
2023-01-26 09:20:00,2023,1,26,3,0,2850.0,2627.0,293.0,223.0,,2180.0,1936.0,5,4,290.0,826.0,14.18,400.0
2023-01-25 08:18:00,2023,1,25,2,0,2900.0,2455.0,515.0,445.0,,1860.0,1975.0,5,5,172.0,832.0,20.37,880.0
2023-01-24 09:42:00,2023,1,24,1,0,2800.0,2289.0,581.0,511.0,,,,5,4,179.0,824.0,,524.0
2023-01-23 10:09:00,2023,1,23,0,0,2780.0,2386.0,464.0,394.0,,1960.0,1890.0,5,4,805.0,823.0,2.46,284.0
2023-01-22 09:11:00,2023,1,22,6,1,2650.0,2666.0,60.0,,,2100.0,1656.0,5,5,170.0,809.0,,170.0
2023-01-18 09:02:00,2023,1,18,2,0,2600.0,2607.0,63.0,,,2145.0,1750.0,3,5,272.0,803.0,,63.0
2023-01-17 07:56:00,2023,1,17,1,0,2640.0,2637.0,70.0,3.0,,2080.0,1710.0,4,5,316.0,800.0,0.6,74.0
2023-01-16 09:03:00,2023,1,16,0,0,2550.0,2552.0,70.0,,,2200.0,1580.0,4,5,286.0,803.0,,70.0
2023-01-14 09:36:00,2023,1,14,5,1,2540.0,2575.0,40.0,,,2115.0,1650.0,4,5,334.0,801.0,0.7667,95.0
2023-01-13 09:02:00,2023,1,13,4,0,2600.0,2496.0,174.0,104.0,316.0,2180.0,1760.0,4,5,332.0,796.0,0.87,97.0
2023-01-11 08:06:00,2023,1,11,2,0,2680.0,2585.0,165.0,95.0,,2160.0,1830.0,4,5,361.0,822.0,,165.0
2023-01-10 09:02:00,2023,1,10,1,0,2650.0,2602.0,118.0,48.0,,,,4,5,360.0,832.0,,
2023-01-09 08:59:00,2023,1,9,0,0,2750.0,2555.0,265.0,195.0,,2200.0,1830.0,4,5,348.0,900.0,,
2023-01-06 09:08:00,2023,1,6,4,0,2700.0,2585.0,185.0,115.0,,2200.0,1850.0,5,4,284.0,888.0,,81.0
2023-01-05 08:19:00,2023,1,5,3,0,2760.0,2688.0,142.0,72.0,,2280.0,1920.0,5,3,262.0,897.0,49.0,99.0
2023-02-28 08:11:00,2023,2,28,1,0,2830.0,2415.0,485.0,415.0,,2068.0,1970.0,2,3,204.0,885.0,2.54,399.0
2023-02-27 08:22:00,2023,2,27,0,0,2855.0,2346.0,579.0,509.0,,2000.0,1900.0,3,3,166.0,904.0,3.34,436.0
2023-02-26 09:49:00,2023,2,26,6,1,2700.0,2376.0,324.0,324.0,,2020.0,1855.0,3,3,192.0,887.0,,513.0
2023-02-25 08:59:00,2023,2,25,5,1,2800.0,2435.0,435.0,365.0,,1940.0,1900.0,3,3,172.0,903.0,,452.0
2023-02-24 07:53:00,2023,2,24,4,0,2850.0,2322.0,598.0,528.0,,2020.0,2070.0,4,3,167.0,849.0,,595.0
2023-02-23 08:35:00,2023,2,23,3,0,2850.0,2456.0,464.0,394.0,,2040.0,2160.0,3,3,365.0,913.0,9.22,1082.0
2023-02-22 09:13:00,2023,2,22,2,0,2865.0,2451.0,484.0,414.0,,2050.0,2080.0,5,3,218.0,869.0,,1018.0
2023-02-21 10:32:00,2023,2,21,1,0,2800.0,2303.0,567.0,497.0,153.0,2020.0,2080.0,4,3,258.0,866.0,4.51,321.0
2023-02-20 08:09:00,2023,2,20,0,0,2770.0,2674.0,166.0,96.0,234.0,2380.0,2000.0,4,2,380.0,876.0,2.49,202.0
2023-02-19 09:55:00,2023,2,19,6,1,2680.0,2635.0,115.0,45.0,,2290.0,1880.0,3,2,383.0,833.0,10.5,1413.0
2023-02-18 08:42:00,2023,2,18,5,1,2700.0,2670.0,100.0,30.0,,2056.0,1930.0,4,2,235.0,843.0,,100.0
2023-02-17 08:34:00,2023,2,17,4,0,2760.0,2737.0,93.0,23.0,,2450.0,2030.0,4,2,422.0,821.0,1.54,198.0
2023-02-15 08:50:00,2023,2,15,2,0,2750.0,2623.0,197.0,127.0,,2341.0,1860.0,5,2,328.0,838.0,,197.0
2023-02-14 09:11:00,2023,2,14,1,0,2790.0,2739.0,121.0,51.0,,2360.0,1850.0,5,2,313.0,795.0,7.07,496.0
2023-02-13 08:25:00,2023,2,13,0,0,2780.0,2668.0,182.0,112.0,,2160.0,1870.0,4,2,284.0,859.0,,76.0
2023-02-12 09:22:00,2023,2,12,6,1,2700.0,2647.0,123.0,53.0,,2180.0,1870.0,4,2,278.0,820.0,10.53,229.0
2023-02-11 10:21:00,2023,2,11,5,1,2800.0,2475.0,395.0,325.0,,2000.0,1950.0,5,2,271.0,868.0,,546.0
2023-02-10 08:37:00,2023,2,10,4,0,2780.0,2573.0,277.0,207.0,,2046.0,1950.0,5,2,162.0,922.0,2.46,338.0
2023-02-09 08:14:00,2023,2,9,3,0,2800.0,2585.0,285.0,215.0,,1990.0,1970.0,5,3,202.0,865.0,2.25,376.0
2023-02-08 09:13:00,2023,2,8,2,0,2775.0,2658.0,187.0,117.0,,2290.0,1980.0,4,3,301.0,858.0,0.9167,93.0
2023-02-07 09:07:00,2023,2,7,1,0,2800.0,2820.0,50.0,,20.0,2400.0,2000.0,3,3,278.0,864.0,1.57,183.0
2023-02-06 09:11:00,2023,2,6,0,0,2800.0,2723.0,147.0,77.0,,2279.0,1950.0,3,3,260.0,833.0,,147.0
2023-02-03 08:33:00,2023,2,3,4,0,2780.0,2810.0,40.0,,30.0,2390.0,1970.0,5,2,268.0,844.0,0.7,175.0
2023-02-02 09:11:00,2023,2,2,3,0,2780.0,2756.0,94.0,24.0,,2300.0,1980.0,5,2,262.0,816.0,51.0,62.0
2023-03-31 08:17:00,2023,3,31,4,0,2650.0,2657.0,63.0,,7.0,2600.0,2070.0,2,5,263.0,832.0,,
2023-03-25 09:22:00,2023,3,25,5,1,2600.0,2778.0,,,,2648.0,1930.0,2,3,362.0,832.0,,
2023-03-16 07:53:00,2023,3,16,3,0,2800.0,2690.0,180.0,110.0,,2550.0,1840.0,3,2,318.0,883.0,14.02,412.0
2023-03-15 08:57:00,2023,3,15,2,0,2800.0,2260.0,610.0,540.0,,,,5,2,373.0,935.0,18.31,648.0
2023-03-14 09:19:00,2023,3,14,1,0,2800.0,2250.0,620.0,550.0,,2150.0,2100.0,4,2,253.0,965.0,11.18,613.0
2023-03-13 09:38:00,2023,3,13,0,0,2750.0,2550.0,270.0,200.0,,2360.0,1970.0,3,2,276.0,916.0,7.0,506.0
2023-03-12 10:43:00,2023,3,12,6,1,2700.0,2518.0,252.0,182.0,,1960.0,1760.0,4,2,236.0,910.0,8.33,388.0
2023-03-11 10:16:00,2023,3,11,5,1,2820.0,2340.0,550.0,480.0,,2150.0,1920.0,3,2,224.0,909.0,,581.0
2023-03-10 09:04:00,2023,3,10,4,0,2885.0,2260.0,695.0,625.0,,,,4,2,195.0,903.0,17.02,786.0
2023-03-09 09:01:00,2023,3,9,3,0,2885.0,2165.0,790.0,720.0,,,,5,2,165.0,940.0,13.56,614.0
2023-03-08 09:01:00,2023,3,8,2,0,2880.0,2295.0,655.0,585.0,,,,5,2,212.0,903.0,,747.0
2023-03-07 08:57:00,2023,3,7,1,0,2860.0,2277.0,653.0,583.0,,2100.0,2060.0,6,2,237.0,933.0,,541.0
2023-03-06 08:49:00,2023,3,6,0,0,2860.0,2434.0,496.0,426.0,,2170.0,2100.0,5,2,206.0,924.0,2.48,341.0
2023-03-05 09:08:00,2023,3,5,6,1,2700.0,2620.0,150.0,80.0,20.0,2550.0,1980.0,3,2,250.0,911.9,1.1667,160.0
2023-03-03 09:44:00,2023,3,3,4,0,2800.0,2541.0,329.0,259.0,,2224.0,2030.0,4,2,214.0,920.0,2.23,314.0
2023-03-02 08:46:00,2023,3,2,3,0,2780.0,2655.0,195.0,125.0,,2295.0,1980.0,4,3,244.0,882.0,,
2023-04-30 09:10:00,2023,4,30,6,1,2750.0,2640.0,180.0,110.0,,2360.0,2250.0,1,4,327.0,873.0,,764.0
2023-04-29 08:39:00,2023,4,29,5,1,2920.0,2462.0,528.0,458.0,,2100.0,2325.0,2,4,369.0,875.6,,754.0
2023-04-28 08:34:00,2023,4,28,4,0,2885.0,2200.0,755.0,685.0,,2100.0,2240.0,4,4,247.0,848.0,20.53,678.0
2023-04-27 08:40:00,2023,4,27,3,0,2880.0,2223.0,727.0,657.0,,2103.0,2230.0,4,4,346.0,905.0,,628.0
2023-04-26 09:02:00,2023,4,26,2,0,2720.0,2487.0,303.0,233.0,,2377.0,2140.0,2,4,288.0,899.0,,721.0
2023-04-25 08:32:00,2023,4,25,1,0,2750.0,2500.0,320.0,250.0,,2200.0,2090.0,3,4,289.0,844.0,7.95,475.0
2023-04-24 08:27:00,2023,4,24,0,0,2700.0,2460.0,310.0,240.0,,2280.0,2035.0,3,4,237.0,928.0,1.38,103.0
2023-04-21 09:21:00,2023,4,21,4,0,2720.0,2445.0,345.0,275.0,,2280.0,1930.0,3,4,265.0,868.0,,581.0
2023-04-20 08:23:00,2023,4,20,3,0,2680.0,2160.0,590.0,520.0,,1980.0,1900.0,3,4,280.0,919.0,,969.0
2023-04-19 09:10:00,2023,4,19,2,0,2700.0,2400.0,370.0,300.0,,2200.0,1945.0,2,5,288.0,902.0,,479.0
2023-04-18 09:05:00,2023,4,18,1,0,2750.0,2220.0,600.0,530.0,,2100.0,1995.0,2,5,326.0,958.0,,520.0
2023-04-16 10:59:00,2023,4,16,6,1,2700.0,2548.0,222.0,152.0,,2350.0,2132.0,2,5,306.0,930.0,,556.0
2023-04-15 09:06:00,2023,4,15,5,1,2800.0,2220.0,650.0,580.0,,2050.0,2080.0,3,6,284.0,920.0,20.42,968.0
2023-04-13 08:35:00,2023,4,13,3,0,2800.0,2260.0,610.0,540.0,,2060.0,2010.0,3,6,261.0,926.0,14.9166666666667,528.0
2023-04-12 09:40:00,2023,4,12,2,0,2820.0,2176.0,714.0,644.0,,2010.0,2000.0,3,6,259.0,909.0,,820.0
2023-04-11 09:01:00,2023,4,11,1,0,2650.0,2270.0,450.0,380.0,,2000.0,2060.0,2,5,398.0,916.0,,384.0
2023-04-10 08:36:00,2023,4,10,0,0,2700.0,2225.0,550.0,475.0,,2100.0,1995.0,3,5,291.0,968.0,,368.0
2023-04-08 08:14:00,2023,4,8,5,1,2650.0,2499.0,221.0,,,2310.0,1885.0,4,6,251.0,899.0,,252.0
2023-04-07 08:35:00,2023,4,7,4,0,2700.0,2594.0,176.0,106.0,,2264.0,1990.0,3,4,281.0,903.0,6.13,462.0
2023-04-05 08:54:00,2023,4,5,2,0,2680.0,2630.0,120.0,50.0,,2570.0,2110.0,3,3,221.0,888.0,0.467,72.0
2023-04-04 10:01:00,2023,4,4,1,0,2750.0,2583.0,237.0,167.0,,2393.0,2090.0,3,3,331.0,887.0,,238.0
2023-04-03 08:22:00,2023,4,3,0,0,2720.0,2640.0,150.0,80.0,,2300.0,2060.0,4,3,275.0,921.0,,
2023-04-02 09:31:00,2023,4,2,6,1,2620.0,2460.0,230.0,160.0,10.0,2400.0,1950.0,4,3,293.0,894.0,1.9167,230.0
2023-04-01 09:06:00,2023,4,1,5,1,2650.0,2576.0,144.0,74.0,,2371.0,1950.0,3,5,234.0,843.0,,144.0
2023-05-31 08:50:00,2023,5,31,2,0,2700.0,2426.0,344.0,274.0,,2324.0,2100.0,2,4,365.0,957.0,,408.0
2023-05-30 08:21:00,2023,5,30,1,0,2900.0,2400.0,575.0,500.0,,2200.0,2200.0,3,3,365.0,975.0,20.22,702.0
2023-05-29 08:23:00,2023,5,29,0,0,2900.0,2325.0,645.0,575.0,,2100.0,2250.0,4,3,322.0,979.0,20.52,736.0
2023-05-28 09:05:00,2023,5,28,6,1,2650.0,2345.0,375.0,305.0,,2100.0,2110.0,4,3,441.0,922.0,21.02,406.0
2023-05-27 10:57:00,2023,5,27,5,1,2800.0,2307.0,563.0,493.0,,2107.0,2100.0,4,3,331.0,936.0,10.23,508.0
2023-05-26 08:09:00,2023,5,26,4,0,2700.0,2340.0,430.0,360.0,,2290.0,2150.0,3,3,352.0,926.0,5.35,251.0
2023-05-25 09:03:00,2023,5,25,3,0,2750.0,2430.0,390.0,320.0,,2380.0,2150.0,2,3,358.0,961.0,16.35,349.0
2023-05-24 08:48:00,2023,5,24,2,0,2850.0,2325.0,595.0,525.0,,2180.0,2370.0,3,4,237.0,958.0,,509.0
2023-05-23 08:37:00,2023,5,23,1,0,2850.0,2450.0,470.0,400.0,,2400.0,2300.0,2,4,279.0,887.0,19.2,462.0
2023-05-22 08:33:00,2023,5,22,0,0,2850.0,2304.0,616.0,546.0,,2184.0,2300.0,3,4,246.0,980.0,8.58,377.0
2023-05-21 10:03:00,2023,5,21,6,1,2600.0,2760.0,,,160.0,2580.0,2150.0,2,4,325.0,898.0,,
2023-05-20 09:07:00,2023,5,20,5,1,2650.0,2630.0,90.0,20.0,,2550.0,2100.0,2,4,330.0,871.0,,90.0
2023-05-18 08:54:00,2023,5,18,3,0,2650.0,2566.0,154.0,84.0,,2496.0,2120.0,2,5,297.0,933.0,,
2023-05-15 09:02:00,2023,5,15,0,0,2650.0,2851.0,,,,2800.0,2120.0,1,1,390.0,926.0,,
2023-05-12 09:26:00,2023,5,12,4,0,2680.0,2570.0,180.0,110.0,,2464.0,2100.0,2,4,391.0,989.0,,
2023-05-11 08:50:00,2023,5,11,3,0,2680.0,2566.0,184.0,114.0,,2300.0,2250.0,2,4,324.0,985.0,9.0,305.0
2023-05-10 08:36:00,2023,5,10,2,0,2680.0,2565.0,185.0,115.0,,2420.0,2230.0,3,3,300.0,998.0,6.0,188.0
2023-05-09 09:09:00,2023,5,9,1,0,2680.0,2657.0,93.0,23.0,,2562.0,2215.0,2,4,364.0,945.0,,93.0
2023-05-08 10:44:00,2023,5,8,0,0,2755.0,2590.0,235.0,165.0,,2470.0,2215.0,2,4,254.0,993.0,,238.0
2023-05-07 09:56:00,2023,5,7,6,1,2750.0,2604.0,214.0,144.0,,2502.0,2150.0,2,3,348.0,918.0,7.73,595.0
2023-05-06 09:09:00,2023,5,6,5,1,2750.0,2624.0,196.0,126.0,,2350.0,2140.0,2,3,362.0,905.0,9.63,424.0
2023-05-04 08:43:00,2023,5,4,3,0,2790.0,2656.0,204.0,134.0,,2320.0,2190.0,2,5,213.0,923.0,10.47,630.0
2023-05-03 08:34:00,2023,5,3,2,0,2760.0,2516.0,314.0,244.0,,2260.0,2190.0,3,5,191.0,894.0,6.77,232.0
2023-05-02 08:16:00,2023,5,2,1,0,2750.0,2615.0,205.0,135.0,,2550.0,2070.0,2,4,348.0,881.0,,205.0
2023-05-01 09:06:00,2023,5,1,0,0,2670.0,2520.0,220.0,150.0,,2400.0,1880.0,2,4,327.0,876.0,10.47,234.0
2023-06-29 09:59:00,2023,6,29,3,0,2850.0,2944.0,,,94.0,2760.0,2370.0,2,3,384.0,848.0,,
2023-06-26 09:43:00,2023,6,26,0,0,2950.0,2950.0,70.0,,,2650.0,2350.0,1,2,394.0,905.0,,
2023-06-25 08:56:00,2023,6,25,6,1,2900.0,2800.0,170.0,100.0,,2531.0,2250.0,2,2,412.0,936.0,9.55,229.0
2023-06-24 08:27:00,2023,6,24,5,1,3000.0,2816.0,254.0,184.0,2.0,2380.0,2360.0,3,2,399.0,898.0,17.24,557.0
2023-06-23 08:34:00,2023,6,23,4,0,3050.0,2720.0,400.0,330.0,2.0,2424.0,2400.0,4,2,378.0,914.0,9.57,528.0
2023-06-22 09:53:00,2023,6,22,3,0,3000.0,2792.0,278.0,208.0,,2520.0,2430.0,2,2,414.0,908.0,,278.0
2023-06-21 08:55:00,2023,6,21,2,0,3050.0,2580.0,540.0,470.0,36.0,2350.0,2430.0,2,3,404.0,937.0,17.09,534.0
2023-06-20 09:04:00,2023,6,20,1,0,3000.0,2980.0,90.0,20.0,,2590.0,2430.0,2,3,309.0,935.6,10.93,275.0
2023-06-19 09:03:00,2023,6,19,0,0,3100.0,2780.0,390.0,320.0,,2650.0,2120.0,3,2,305.0,970.3,,
2023-06-17 09:14:00,2023,6,17,5,1,3150.0,2681.0,539.0,469.0,,2478.0,2400.0,2,2,313.0,928.0,24.0,995.0
2023-06-16 09:30:00,2023,6,16,4,0,3150.0,2485.0,735.0,665.0,,2140.0,2560.0,4,2,229.0,950.0,23.28,825.0
2023-06-15 08:55:00,2023,6,15,3,0,3120.0,2488.0,702.0,632.0,1.0,2200.0,2500.0,4,2,223.0,968.0,24.0,667.0
2023-06-14 09:08:00,2023,6,14,2,0,3000.0,2439.0,631.0,561.0,,2060.0,2480.0,5,2,187.0,976.0,14.59,694.0
2023-06-13 08:30:00,2023,6,13,1,0,2800.0,2553.0,317.0,247.0,,2343.0,2240.0,5,2,197.0,981.0,13.05,551.0
2023-06-12 09:09:00,2023,6,12,0,0,2750.0,2524.0,296.0,226.0,100.0,2424.0,2110.0,4,2,234.0,986.0,,449.0
2023-06-11 09:24:00,2023,6,11,6,1,2750.0,2434.0,386.0,316.0,,2434.0,2020.0,4,2,263.0,941.4,601.0,264.0
2023-06-10 09:23:00,2023,6,10,5,1,2560.0,2609.0,21.0,,49.0,2400.0,1970.0,4,2,273.0,988.0,3.57,185.0
2023-06-08 09:24:00,2023,6,8,3,0,2730.0,2747.0,53.0,,,2630.0,2080.0,3,2,224.0,964.0,2.02,50.0
2023-06-07 08:28:00,2023,6,7,2,0,2700.0,2619.0,151.0,81.0,,2420.0,2080.0,2,3,201.0,964.0,6.1,266.0
2023-06-06 08:48:00,2023,6,6,1,0,2750.0,2674.0,145.0,76.0,,2440.0,2220.0,3,3,394.0,1265.0,,314.0
2023-06-05 08:30:00,2023,6,5,0,0,2700.0,2735.0,50.0,,,2650.0,2120.0,3,3,322.0,1120.0,,50.0
2023-06-03 09:38:00,2023,6,3,5,1,2650.0,2655.0,75.0,,,2430.0,1880.0,2,4,277.0,920.0,6.24,240.0
2023-06-02 08:25:00,2023,6,2,4,0,2650.0,2580.0,140.0,70.0,,2450.0,1950.0,2,4,232.0,1004.0,11.08,228.0
2023-06-01 09:07:00,2023,6,1,3,0,2650.0,2562.0,150.0,88.0,,2200.0,2050.0,3,4,358.0,960.0,,171.0
2023-07-30 09:56:00,2023,7,30,6,1,2840.0,3067.0,,,,2750.0,2320.0,3,1,401.0,836.0,,
2023-07-21 09:07:00,2023,7,21,4,0,3000.0,2931.0,139.0,69.0,,2640.0,2360.0,2,1,472.0,1070.0,6.51,290.0
2023-07-20 09:38:00,2023,7,20,3,0,2900.0,2906.0,64.0,,,2550.0,2420.0,2,3,302.0,1047.0,,64.0
2023-07-19 08:21:00,2023,7,19,2,0,2850.0,2768.0,152.0,82.0,,2580.0,2330.0,2,3,369.0,932.0,,
2023-07-13 09:16:00,2023,7,13,3,0,3000.0,2854.0,216.0,146.0,,2650.0,2500.0,2,1,438.0,988.0,4.03,204.0
2023-07-03 08:38:00,2023,7,3,0,0,2900.0,2920.0,50.0,,20.0,2638.0,2230.0,3,2,429.0,970.0,5.99,304.0
2023-08-30 10:14:00,2023,8,30,2,0,2750.0,2758.0,62.0,,,2410.0,2240.0,2,1,434.0,992.0,,
2023-08-29 09:40:00,2023,8,29,1,0,2630.0,2788.0,,,,2120.0,1930.0,3,0,418.0,987.0,,216.0
2023-08-28 09:07:00,2023,8,28,0,0,2650.0,2664.0,56.0,,,2276.0,2100.0,3,0,347.0,964.0,,56.0
2023-08-27 08:01:00,2023,8,27,6,1,2700.0,3002.0,,,,2472.0,2145.0,2,1,457.0,951.7,,
2023-08-26 08:09:00,2023,8,26,5,1,2850.0,2644.0,276.0,206.0,,2410.0,2280.0,2,1,341.0,923.0,,215.0
2023-08-24 10:34:00,2023,8,24,3,0,2800.0,2790.0,80.0,10.0,,2750.0,2270.0,0,2,430.0,898.0,,
2023-08-22 08:51:00,2023,8,22,1,0,2900.0,2843.0,127.0,57.0,,2600.0,2361.0,0,0,418.0,954.0,,127.0
2023-08-21 10:03:00,2023,8,21,0,0,2980.0,2974.0,76.0,6.0,,2650.0,2270.0,0,0,571.0,914.0,,76.0
2023-08-19 08:01:00,2023,8,19,5,1,2850.0,2767.0,153.0,,,2570.0,2350.0,2,1,444.0,921.0,,153.0
2023-08-18 11:21:00,2023,8,18,4,0,2950.0,2835.0,185.0,115.0,,2620.0,2380.0,3,1,355.0,977.0,,193.0
2023-08-17 10:05:00,2023,8,17,3,0,2950.0,2820.0,200.0,130.0,,2500.0,2240.0,3,1,406.0,934.0,,
2023-08-16 09:02:00,2023,8,16,2,0,2950.0,2835.0,185.0,115.0,,2400.0,2150.0,4,3,418.0,951.0,,
2023-08-15 08:43:00,2023,8,15,1,0,3000.0,2857.0,213.0,143.0,,2664.0,2400.0,2,2,376.0,992.0,,336.0
2023-08-14 08:08:00,2023,8,14,0,0,3000.0,2935.0,135.0,65.0,,2680.0,2440.0,1,2,393.0,1054.0,,
2023-08-13 08:50:00,2023,8,13,6,1,2930.0,3045.0,,,,2770.0,2270.0,1,1,419.0,968.0,,
2023-08-11 09:09:00,2023,8,11,4,0,3100.0,3059.0,111.0,41.0,,2620.0,2550.0,3,1,361.0,1019.0,,355.0
2023-08-10 09:14:00,2023,8,10,3,0,3150.0,2742.0,478.0,408.0,,2550.0,2520.0,3,1,376.0,1055.0,,562.0
2023-08-09 08:46:00,2023,8,9,2,0,3080.0,2650.0,500.0,430.0,,2520.0,2460.0,4,1,308.0,993.0,,571.0
2023-08-07 08:43:00,2023,8,7,0,0,3000.0,2998.0,70.0,2.0,,2566.0,2500.0,2,1,365.0,916.0,,70.0
2023-08-03 08:25:00,2023,8,3,3,0,2930.0,2894.0,106.0,36.0,,2650.0,2370.0,3,1,428.0,917.0,,106.0
2023-08-02 08:35:00,2023,8,2,2,0,3000.0,2891.0,179.0,109.0,,2660.0,2360.0,3,1,418.0,911.0,2.05,94.0
2023-09-29 09:46:00,2023,9,29,4,0,2850.0,2370.0,550.0,480.0,,2200.0,2280.0,2,2,572.0,885.0,,326.0
2023-09-28 09:16:00,2023,9,28,3,0,2950.0,2430.0,590.0,520.0,,2100.0,2235.0,2,1,684.0,934.0,,603.0
2023-09-27 08:29:00,2023,9,27,2,0,2900.0,2460.0,510.0,440.0,,2140.0,2230.0,4,1,383.0,966.0,,706.0
2023-09-26 08:43:00,2023,9,26,1,0,2900.0,2282.0,688.0,618.0,,2100.0,2160.0,3,2,414.0,963.0,,531.0
2023-09-25 08:48:00,2023,9,25,0,0,2950.0,2495.0,525.0,455.0,,2080.0,2000.0,3,2,391.0,1007.0,,750.0
2023-09-24 09:27:00,2023,9,24,6,1,2900.0,2282.0,688.0,618.0,,1950.0,2000.0,1,1,341.0,1019.0,,768.0
2023-09-23 10:01:00,2023,9,23,5,1,2900.0,2272.0,698.0,628.0,,2000.0,2180.0,3,2,355.0,1001.0,,692.0
2023-09-22 09:38:00,2023,9,22,4,0,2900.0,2469.0,505.0,431.0,,2280.0,2160.0,4,2,355.0,917.0,12.21,491.0
2023-09-21 09:21:00,2023,9,21,3,0,3050.0,2558.0,562.0,492.0,,2250.0,2180.0,2,2,428.0,966.0,,476.0
2023-09-16 08:21:00,2023,9,16,5,1,2950.0,2878.0,142.0,72.0,,2414.0,2320.0,3,1,389.0,926.0,6.51,163.0
2023-09-15 08:41:00,2023,9,15,4,0,2950.0,2743.0,277.0,207.0,,2550.0,2425.0,3,1,429.0,930.0,24.0,570.0
2023-09-14 09:23:00,2023,9,14,3,0,3050.0,2766.0,354.0,284.0,,2050.0,2750.0,4,1,361.0,907.0,24.0,1021.0
2023-09-13 08:51:00,2023,9,13,2,0,3150.0,2540.0,680.0,610.0,,2300.0,2660.0,2,1,452.0,1009.0,,784.0
2023-09-12 09:36:00,2023,9,12,1,0,3180.0,2470.0,780.0,710.0,,2080.0,2600.0,4,2,355.0,1002.0,,947.0
2023-09-11 08:46:00,2023,9,11,0,0,2850.0,2521.0,399.0,329.0,,2320.0,2300.0,2,2,573.0,996.0,12.683333,505.0
2023-09-09 10:05:00,2023,9,9,5,1,2700.0,2705.0,65.0,,5.0,2364.0,2175.0,2,2,420.0,996.0,1.29,100.0
2023-09-08 10:07:00,2023,9,8,4,0,2750.0,2765.0,55.0,,15.0,2450.0,2240.0,1,2,496.0,997.0,3.26,96.0
2023-09-07 09:25:00,2023,9,7,3,0,2850.0,2719.0,201.0,131.0,,2370.0,2250.0,1,3,485.0,1027.0,14.51,511.0
2023-09-06 08:50:00,2023,9,6,2,0,2850.0,2661.0,259.0,189.0,,2250.0,2200.0,1,3,408.0,1024.0,9.52,140.0
2023-09-05 09:18:00,2023,9,5,1,0,2800.0,2573.0,297.0,227.0,,2350.0,2280.0,1,3,427.0,963.0,,297.0
2023-09-04 09:15:00,2023,9,4,0,0,2850.0,2797.0,123.0,53.0,,2549.0,2240.0,1,3,369.0,947.0,,123.0
2023-09-02 09:14:00,2023,9,2,5,1,2950.0,2815.0,205.0,135.0,,2440.0,2360.0,2,3,326.0,949.0,,294.0
2023-09-01 08:58:00,2023,9,1,4,0,2950.0,2751.0,269.0,199.0,,2410.0,2300.0,1,3,356.0,945.0,,391.0
2023-10-28 08:24:00,2023,10,28,5,1,2650.0,2913.0,,,,2660.0,1895.0,2,3,306.0,795.0,,
2023-10-20 10:10:00,2023,10,20,4,0,2680.0,2613.0,137.0,67.0,,2400.0,2015.0,3,2,401.0,866.0,,124.0
2023-10-19 08:58:00,2023,10,19,3,0,2650.0,2685.0,,,,2450.0,2035.0,3,2,411.0,868.0,,63.0
2023-10-18 08:25:00,2023,10,18,2,0,2650.0,2688.0,,,38.0,2500.0,1845.0,3,2,383.0,865.0,,
2023-10-17 09:36:00,2023,10,17,1,0,2880.0,2575.0,375.0,305.0,,2260.0,2080.0,3,1,423.0,889.0,,590.0
2023-10-16 08:38:00,2023,10,16,0,0,2950.0,2557.0,463.0,393.0,,2350.0,2200.0,3,1,404.0,895.0,,318.0
2023-10-15 08:43:00,2023,10,15,6,1,2800.0,2686.0,184.0,114.0,,2440.0,2190.0,4,1,359.0,845.0,2.75,171.0
2023-10-14 09:27:00,2023,10,14,5,1,2900.0,2727.0,243.0,173.0,,2500.0,2320.0,2,1,391.0,851.0,,310.0
2023-10-13 09:26:00,2023,10,13,4,0,3000.0,2627.0,443.0,373.0,,2500.0,2320.0,3,1,357.0,858.0,24.0,490.0
2023-10-12 08:58:00,2023,10,12,3,0,2980.0,2585.0,465.0,395.0,,2150.0,2365.0,2,2,447.0,882.0,24.0,972.0
2023-10-11 10:07:00,2023,10,11,2,0,3000.0,2097.0,973.0,903.0,,2000.0,2520.0,2,2,353.0,835.0,24.0,932.0
2023-10-09 08:37:00,2023,10,9,0,0,3000.0,2260.0,810.0,740.0,,2050.0,2340.0,3,2,492.0,837.0,24.0,718.0
2023-10-08 08:27:00,2023,10,8,6,1,2860.0,2400.0,530.0,460.0,,2250.0,2115.0,2,1,383.0,814.0,,599.0
2023-10-07 10:15:00,2023,10,7,5,1,2900.0,2510.0,460.0,,,2260.0,2120.0,2,2,452.0,783.0,,609.0
2023-10-06 08:46:00,2023,10,6,4,0,2900.0,2560.0,410.0,340.0,,2350.0,2180.0,2,2,494.0,793.0,,523.0
2023-10-04 09:14:00,2023,10,4,2,0,2850.0,2430.0,490.0,420.0,,2140.0,2220.0,3,1,473.0,842.0,,360.0
2023-10-03 08:41:00,2023,10,3,1,0,3000.0,2424.0,646.0,576.0,,2150.0,2390.0,2,2,421.0,883.0,24.0,972.0
2023-10-02 08:46:00,2023,10,2,0,0,3000.0,2180.0,890.0,820.0,,1940.0,2400.0,2,2,442.0,904.0,,755.0
2023-10-01 08:41:00,2023,10,1,6,1,2800.0,2285.0,585.0,515.0,,2000.0,2275.0,2,2,424.0,933.0,,353.0
2023-11-30 09:22:00,2023,11,30,3,0,2800.0,2639.0,231.0,161.0,,2300.0,1890.0,4,2,269.0,804.0,,298.0
2023-11-29 09:50:00,2023,11,29,2,0,2780.0,2496.0,354.0,284.0,,2380.0,2020.0,3,2,261.0,813.0,,369.0
2023-11-28 08:23:00,2023,11,28,1,0,2850.0,2587.0,333.0,263.0,,2300.0,2050.0,5,2,270.0,803.0,,286.0
2023-11-24 08:49:00,2023,11,24,4,0,2850.0,2707.0,213.0,143.0,,2420.0,2000.0,2,3,377.0,808.0,2.58,263.0
2023-11-23 08:59:00,2023,11,23,3,0,2850.0,2651.0,269.0,199.0,,2300.0,1970.0,3,3,226.0,778.0,1.51,176.0
2023-11-22 09:08:00,2023,11,22,2,0,2850.0,2667.0,253.0,183.0,,2380.0,1950.0,3,3,251.0,785.0,1.42,170.0
2023-11-21 09:49:00,2023,11,21,1,0,2800.0,2590.0,280.0,210.0,,2380.0,1900.0,3,3,330.0,803.0,,122.0
2023-11-20 09:32:00,2023,11,20,0,0,2800.0,2786.0,14.0,14.0,,2540.0,1850.0,2,3,379.0,799.0,,14.0
2023-11-16 08:42:00,2023,11,16,3,0,2780.0,2695.0,155.0,85.0,,2340.0,2020.0,2,2,345.0,839.0,,268.0
2023-11-14 09:27:00,2023,11,14,1,0,3050.0,2658.0,462.0,392.0,,2310.0,2100.0,2,2,354.0,829.0,,692.0
2023-11-13 09:11:00,2023,11,13,0,0,3000.0,2285.0,785.0,715.0,,2000.0,2200.0,2,2,423.0,838.0,,685.0
2023-11-12 08:52:00,2023,11,12,6,1,3100.0,2100.0,1070.0,1000.0,,2000.0,2150.0,2,2,374.0,829.0,24.0,1168.0
2023-11-11 08:26:00,2023,11,11,5,1,3100.0,2245.0,925.0,855.0,,1900.0,2300.0,2,2,383.0,832.0,,1108.0
2023-11-10 10:17:00,2023,11,10,4,0,3000.0,2136.0,934.0,864.0,,1900.0,2210.0,2,3,312.0,837.0,,857.0
2023-11-09 09:29:00,2023,11,9,3,0,2800.0,2376.0,494.0,424.0,,2150.0,1970.0,1,4,435.0,846.0,,561.0
2023-11-08 09:21:00,2023,11,8,2,0,2770.0,2416.0,424.0,354.0,,2140.0,1985.0,2,3,386.0,845.0,,307.0
2023-11-06 08:43:00,2023,11,6,0,0,2700.0,2500.0,270.0,200.0,,2100.0,1980.0,1,4,348.0,830.0,,801.0
2023-11-05 08:47:00,2023,11,5,6,1,2700.0,2226.0,544.0,474.0,,1810.0,2100.0,2,5,292.0,832.0,,914.0
2023-11-04 08:23:00,2023,11,4,5,1,2630.0,2315.0,385.0,315.0,,1833.0,1910.0,1,5,288.0,842.0,4.37,361.0
2023-11-01 09:48:00,2023,11,1,2,0,2700.0,2540.0,230.0,160.0,,2340.0,2050.0,2,5,232.0,818.0,,230.0
2023-12-23 09:18:00,2023,12,23,5,1,2550.0,2761.0,,,,2516.0,1550.0,3,1,346.0,765.0,,
2023-12-19 10:08:00,2023,12,19,1,0,2620.0,2525.0,165.0,95.0,,2305.0,1700.0,3,2,343.0,813.0,25.0,73.0
2023-12-15 12:27:00,2023,12,15,4,0,2700.0,2597.0,173.0,103.0,,2250.0,1850.0,3,2,291.0,927.0,2.0,288.0
2023-12-13 12:11:00,2023,12,13,2,0,2720.0,2520.0,270.0,200.0,,2270.0,2000.0,4,1,305.0,813.0,3.17,314.0
2023-12-11 09:31:00,2023,12,11,0,0,2780.0,2550.0,300.0,230.0,,2220.0,2000.0,3,2,338.0,814.0,,300.0
2023-12-07 09:35:00,2023,12,7,3,0,2780.0,2535.0,315.0,245.0,,2330.0,1800.0,3,3,346.0,813.0,3.0,534.0
2023-12-06 09:55:00,2023,12,6,2,0,2820.0,2495.0,395.0,325.0,,2280.0,2000.0,4,3,345.0,812.0,3.1,354.0
2023-12-05 08:35:00,2023,12,5,1,0,2820.0,2563.0,327.0,257.0,,2300.0,2060.0,3,3,361.0,816.0,1.33,170.0
2023-12-04 09:30:00,2023,12,4,0,0,2880.0,2806.0,144.0,74.0,,2550.0,2060.0,2,2,366.0,817.0,0.7667,92.0
2023-12-02 08:01:00,2023,12,2,5,1,2850.0,2745.0,175.0,105.0,,2330.0,2020.0,3,2,,,3.19,494.0
2024-01-27 08:24:00,2024,1,27,5,1,3000.0,2180.0,890.0,820.0,,1760.0,1950.0,3,1,388.0,,17.98,1032.0
2024-01-26 09:32:00,2024,1,26,4,0,3000.0,2060.0,1010.0,940.0,,1870.0,1950.0,5,1,318.0,,,482.0
2024-01-25 09:45:00,2024,1,25,3,0,2900.0,2355.0,615.0,545.0,,2100.0,1950.0,2,1,375.0,,9.07,865.0
2024-01-24 16:56:00,2024,1,24,2,0,,,,,,,,0,1,,,72.0,
2024-01-24 08:36:00,2024,1,24,2,0,2700.0,2450.0,320.0,250.0,,2250.0,1870.0,3,1,474.0,,,77.0
2024-01-23 08:22:00,2024,1,23,1,0,2700.0,2569.0,201.0,131.0,,2300.0,1870.0,2,1,390.0,,1.54,153.0
2024-01-22 11:36:00,2024,1,22,0,0,2620.0,2598.0,92.0,22.0,,2314.0,1800.0,2,1,395.0,,1.39,120.0
2024-01-21 08:10:00,2024,1,21,6,1,2650.0,2585.0,135.0,65.0,,2440.0,1700.0,3,1,349.0,,,135.0
2024-01-20 09:31:00,2024,1,20,5,1,2780.0,2815.0,35.0,,35.0,2530.0,1900.0,3,1,396.0,35.0,,
2024-01-17 09:01:00,2024,1,17,2,0,2900.0,2220.0,750.0,680.0,,1980.0,2040.0,2,2,427.0,,3.25,416.0
2024-01-16 09:09:00,2024,1,16,1,0,2800.0,2730.0,140.0,70.0,,2400.0,2000.0,2,2,430.0,,0.5,57.0
2024-01-14 10:44:00,2024,1,14,6,1,2780.0,2683.0,227.0,157.0,,2400.0,1800.0,2,2,640.0,,13.0,736.0
2024-01-13 10:07:00,2024,1,13,5,1,2850.0,2099.0,821.0,751.0,,1800.0,1800.0,6,2,331.0,,2.31,319.0
2024-01-10 09:18:00,2024,1,10,2,0,2700.0,2705.0,65.0,,,2450.0,1930.0,3,3,336.0,,,215.0
2024-01-09 09:10:00,2024,1,9,1,0,2800.0,2648.0,222.0,152.0,,2433.0,1920.0,2,2,452.0,,,222.0
2024-01-19 09:41:00,2024,1,19,4,0,2820.0,2694.0,196.0,126.0,,2550.0,1940.0,2,1,437.0,,1.55,196.0
2024-01-15 10:04:00,2024,1,15,0,0,2780.0,2640.0,210.0,140.0,,2420.0,1950.0,2,2,396.0,,1.35,124.0
2024-01-12 09:56:00,2024,1,12,4,0,2750.0,2583.0,237.0,167.0,,2321.0,1910.0,5,2,312.0,,58.0,96.0
2024-02-28 09:02:00,2024,2,28,2,0,3050.0,1865.0,1255.0,1185.0,,1620.0,2040.0,2,2,392.0,1307.0,,1147.0
2024-02-27 09:25:00,2024,2,27,1,0,2950.0,1947.0,1073.0,1003.0,,1837.0,1880.0,1,2,507.0,1242.0,,926.0
2024-02-26 09:05:00,2024,2,26,0,0,2820.0,1952.0,938.0,868.0,,1800.0,1795.0,2,2,445.0,1039.0,,759.0
2024-02-25 09:59:00,2024,2,25,6,1,2800.0,1945.0,925.0,,,1900.0,1600.0,3,2,379.0,954.0,14.0,949.0
2024-02-24 09:05:00,2024,2,24,5,1,2750.0,1915.0,905.0,835.0,,1820.0,1780.0,3,2,380.0,965.0,,817.0
2024-02-22 09:20:00,2024,2,22,3,0,2800.0,1997.0,873.0,803.0,,1950.0,1720.0,1,3,362.0,865.0,,770.0
2024-02-21 09:03:00,2024,2,21,2,0,2700.0,2050.0,720.0,650.0,,1917.0,1750.0,2,3,456.0,1010.0,,598.0
2024-02-20 08:52:00,2024,2,20,1,0,2720.0,2121.0,669.0,599.0,,1995.0,1800.0,2,3,382.0,916.0,,653.0
2024-02-19 10:37:00,2024,2,19,0,0,2850.0,2115.0,805.0,735.0,,2020.0,1920.0,2,3,359.0,924.0,,760.0
2024-02-18 09:46:00,2024,2,18,6,1,2950.0,2063.0,957.0,887.0,,1963.0,2011.0,1,3,404.0,742.0,,1085.0
2024-02-17 09:51:00,2024,2,17,5,1,3100.0,2190.0,980.0,910.0,,1807.0,2000.0,1,3,409.0,1105.0,,924.0
2024-02-15 09:13:00,2024,2,15,3,0,2850.0,2117.0,803.0,733.0,,1977.0,1980.0,1,2,463.0,972.0,,815.0
2024-02-14 08:31:00,2024,2,14,2,0,3100.0,2173.0,997.0,927.0,,1850.0,1995.0,1,3,450.0,1096.0,24.0,1381.0
2024-02-13 09:13:00,2024,2,13,1,0,3050.0,1742.0,1378.0,1308.0,,1650.0,2200.0,2,3,338.0,,,1183.0
2024-02-12 09:22:00,2024,2,12,0,0,2900.0,1937.0,1033.0,963.0,,1847.0,1800.0,1,3,417.0,,,888.0
2024-02-11 09:41:00,2024,2,11,6,1,2650.0,2005.0,715.0,645.0,,1910.0,1700.0,1,3,389.0,,4.01,404.0
2024-02-10 09:56:00,2024,2,10,5,1,2800.0,2115.0,755.0,685.0,,1950.0,1550.0,1,2,486.0,,,732.0
2024-02-07 13:09:00,2024,2,7,2,0,2700.0,1910.0,860.0,790.0,,1760.0,1620.0,3,3,267.0,,4.32,698.0
2024-02-06 09:09:00,2024,2,6,1,0,2750.0,1965.0,855.0,785.0,,1880.0,1580.0,2,3,352.0,,,954.0
2024-02-05 09:09:00,2024,2,5,0,0,2850.0,1975.0,945.0,875.0,,1750.0,1720.0,4,2,283.0,,,1109.0
2024-02-04 09:51:00,2024,2,4,6,1,2800.0,1935.0,940.0,865.0,,1650.0,1700.0,4,2,292.0,,13.28,975.0
2024-02-03 08:34:00,2024,2,3,5,1,2700.0,1970.0,800.0,730.0,,1690.0,1580.0,4,3,263.0,,,608.0
2024-02-02 09:08:00,2024,2,2,4,0,2700.0,2208.0,562.0,492.0,,1870.0,1750.0,3,1,413.0,,4.25,603.0
2024-02-01 10:47:00,2024,2,1,3,0,2700.0,2192.0,578.0,508.0,,1934.0,1770.0,3,1,331.0,,4.31,603.0
2024-02-23 09:10:00,2024,2,23,4,0,2760.0,1946.0,884.0,814.0,,1830.0,1750.0,3,3,387.0,845.0,,768.0
2024-02-16 10:35:00,2024,2,16,4,0,2900.0,2045.0,925.0,855.0,,1900.0,1980.0,1,3,409.0,980.0,,827.0
2024-02-09 10:44:00,2024,2,9,4,0,2800.0,1945.0,925.0,855.0,,1780.0,1650.0,3,3,360.0,,,892.0
2024-02-08 09:24:00,2024,2,8,3,0,2750.0,2070.0,750.0,680.0,,1840.0,1620.0,3,3,267.0,,,847.0
2024-03-30 08:59:00,2024,3,30,5,1,2550.0,2448.0,172.0,102.0,,2200.0,1810.0,3,2,349.0,524.0,,276.0
2024-03-28 09:36:00,2024,3,28,3,0,2700.0,2140.0,630.0,560.0,,2080.0,2050.0,4,2,341.0,776.0,,587.0
2024-03-27 09:52:00,2024,3,27,2,0,2700.0,2540.0,230.0,160.0,,2300.0,2050.0,3,3,328.0,487.0,,165.0
2024-03-26 10:14:00,2024,3,26,1,0,2660.0,2555.0,175.0,105.0,,2437.0,1950.0,3,3,333.0,347.0,,
2024-03-25 09:12:00,2024,3,25,0,0,2700.0,2500.0,270.0,200.0,,2300.0,1800.0,3,2,365.0,360.0,,200.0
2024-03-24 09:10:00,2024,3,24,6,1,2600.0,2405.0,265.0,195.0,,2108.0,1730.0,4,2,138.0,460.0,16.0,337.0
2024-03-23 08:41:00,2024,3,23,5,1,2700.0,2395.0,375.0,305.0,,1900.0,1760.0,4,3,260.0,444.0,16.0,572.0
2024-03-22 09:32:00,2024,3,22,4,0,2850.0,2154.0,766.0,696.0,,2000.0,2060.0,3,3,443.0,612.0,,714.0
2024-03-21 09:43:00,2024,3,21,3,0,2850.0,2340.0,570.0,510.0,,2060.0,2150.0,3,2,476.0,710.0,,510.0
2024-03-20 09:37:00,2024,3,20,2,0,3050.0,2180.0,940.0,870.0,,2150.0,2100.0,2,2,457.0,518.0,24.0,834.0
2024-03-19 09:54:00,2024,3,19,1,0,3300.0,2261.0,1109.0,1039.0,,1869.0,2740.0,1,3,520.0,1014.0,24.0,1403.0
2024-03-18 10:06:00,2024,3,18,0,0,3250.0,2299.0,1021.0,951.0,,1750.0,2810.0,1,3,451.0,826.0,24.0,1314.0
2024-03-17 09:14:00,2024,3,17,6,1,3300.0,2105.0,1265.0,1195.0,,1850.0,2650.0,2,3,398.0,867.0,24.0,1508.0
2024-03-16 09:50:00,2024,3,16,5,1,3300.0,1911.0,1459.0,1389.0,,1672.0,2600.0,2,4,370.0,845.0,24.0,1331.0
2024-03-15 08:31:00,2024,3,15,4,0,3250.0,1975.0,1345.0,1275.0,,1665.0,2500.0,2,4,426.0,690.0,24.0,1312.0
2024-03-14 09:01:00,2024,3,14,3,0,3270.0,2000.0,1340.0,1270.0,,1960.0,2440.0,1,4,402.0,610.0,24.0,1316.0
2024-03-13 08:50:00,2024,3,13,2,0,3200.0,2000.0,1270.0,1200.0,,2000.0,2400.0,1,4,403.0,608.0,24.0,1284.0
2024-03-11 09:24:00,2024,3,11,0,0,3200.0,1975.0,1295.0,1225.0,,1840.0,2450.0,2,3,304.0,755.0,24.0,1120.0
2024-03-11 09:24:00,2024,3,11,0,0,3200.0,1975.0,1295.0,1225.0,,1840.0,2450.0,2,3,304.0,755.0,24.0,1120.0
2024-03-10 09:35:00,2024,3,10,6,1,3100.0,2055.0,1115.0,1045.0,,1920.0,2300.0,2,3,369.0,693.0,24.0,1483.0
2024-03-09 08:56:00,2024,3,9,5,1,3300.0,2112.0,1258.0,1188.0,,1600.0,2550.0,4,3,304.0,869.0,24.0,1566.0
2024-03-06 09:09:00,2024,3,6,2,0,3190.0,2045.0,1215.0,1145.0,,1800.0,2450.0,1,4,363.0,644.0,,1173.0
2024-03-04 09:37:00,2024,3,4,0,0,3120.0,1995.0,1195.0,1125.0,,1950.0,2140.0,2,4,335.0,757.0,,843.0
2024-03-03 09:14:00,2024,3,3,6,1,3000.0,2095.0,975.0,905.0,,1990.0,2000.0,3,3,327.0,735.0,18.0,938.0
2024-03-29 08:15:00,2024,3,29,4,0,2700.0,2413.0,357.0,287.0,,2100.0,1900.0,2,2,444.0,880.0,,900.0
2024-03-12 09:05:00,2024,3,12,1,0,3200.0,2165.0,1105.0,1035.0,,2000.0,2420.0,2,3,356.0,615.0,24.0,1282.0
2024-03-08 10:41:00,2024,3,8,4,0,3200.0,1854.0,1416.0,1346.0,,1615.0,2640.0,3,3,326.0,852.0,,1367.0
2024-03-07 11:04:00,2024,3,7,3,0,3150.0,1940.0,1280.0,1210.0,,1750.0,2400.0,3,3,317.0,810.0,,1111.0
2024-03-05 09:21:00,2024,3,5,1,0,3150.0,2040.0,1180.0,1110.0,,1910.0,2240.0,2,4,322.0,877.0,,1124.0
2024-04-30 10:44:00,2024,4,30,1,0,2700.0,2385.0,385.0,315.0,,2150.0,2120.0,3,3,434.0,222.0,,399.0
2024-04-29 09:10:00,2024,4,29,0,0,2680.0,2420.0,330.0,260.0,,2180.0,2090.0,3,3,430.0,226.0,,308.0
2024-04-28 08:43:00,2024,4,28,6,1,2620.0,2400.0,290.0,220.0,,2180.0,2000.0,3,3,427.0,172.0,,356.0
2024-04-27 08:06:00,2024,4,27,5,1,2650.0,2326.0,394.0,324.0,,2130.0,2050.0,3,3,425.0,185.0,,415.0
2024-04-25 09:20:00,2024,4,25,3,0,2750.0,2466.0,354.0,284.0,,2270.0,2110.0,2,3,438.0,165.0,,470.0
2024-04-24 09:12:00,2024,4,24,2,0,2840.0,2420.0,490.0,420.0,,2150.0,2250.0,3,3,396.0,205.0,,
2024-04-23 09:18:00,2024,4,23,1,0,2820.0,2374.0,516.0,446.0,,2085.0,2250.0,3,3,346.0,271.0,,523.0
2024-04-22 09:20:00,2024,4,22,0,0,2800.0,2388.0,482.0,412.0,,2070.0,2150.0,4,3,351.0,279.0,,736.0
2024-04-20 09:33:00,2024,4,20,5,1,2750.0,2460.0,360.0,290.0,,2130.0,2000.0,3,4,356.0,328.0,,621.0
2024-04-18 12:10:00,2024,4,18,3,0,2650.0,2438.0,282.0,212.0,,2168.0,1950.0,2,4,439.0,,,193.0
2024-04-12 07:56:00,2024,4,12,4,0,2900.0,2495.0,475.0,405.0,,2045.0,2330.0,3,2,384.0,468.0,,816.0
2024-04-10 09:17:00,2024,4,10,2,0,2720.0,2396.0,394.0,324.0,,2150.0,2020.0,3,2,358.0,321.0,,420.0
2024-04-09 09:05:00,2024,4,9,1,0,2550.0,2426.0,194.0,124.0,,2170.0,1920.0,3,2,367.0,176.0,,
2024-04-04 08:07:00,2024,4,4,3,0,2750.0,2600.0,220.0,150.0,,2250.0,2180.0,2,2,448.0,472.0,,405.0
2024-04-03 09:03:00,2024,4,3,2,0,2820.0,2306.0,584.0,514.0,,2140.0,2160.0,4,2,395.0,587.0,,489.0
2024-04-02 08:55:00,2024,4,2,1,0,2700.0,2475.0,295.0,225.0,,2240.0,2000.0,3,2,426.0,542.0,5.0,274.0
2024-04-01 09:09:00,2024,4,1,0,0,2600.0,2535.0,135.0,65.0,,2349.0,1880.0,1,2,462.0,517.0,,135.0
2024-04-19 08:21:00,2024,4,19,4,0,2600.0,2315.0,355.0,285.0,,2080.0,2000.0,3,4,345.0,205.0,,197.0
2024-04-16 09:57:00,2024,4,16,1,0,2600.0,2661.0,,,,2478.0,1900.0,1,3,454.0,109.0,,
2024-04-15 09:14:00,2024,4,15,0,0,2600.0,2664.0,,,64.0,2480.0,1880.0,1,2,497.0,188.0,,
2024-04-14 09:01:00,2024,4,14,6,1,2550.0,2685.0,,,,2500.0,1850.0,1,2,502.0,172.0,,
2024-04-11 08:31:00,2024,4,11,3,0,2780.0,2315.0,535.0,465.0,,2115.0,2160.0,4,2,367.0,397.0,,600.0
2024-04-08 09:09:00,2024,4,8,0,0,2650.0,2470.0,250.0,180.0,,2460.0,1880.0,1,3,551.0,138.0,,250.0
2024-04-07 09:29:00,2024,4,7,6,1,2550.0,2822.0,,,,2440.0,1700.0,1,2,597.0,162.0,,
2024-04-06 11:53:00,2024,4,6,5,1,2600.0,2790.0,,,190.0,2528.0,1900.0,1,2,481.0,265.0,,
2024-04-05 08:42:00,2024,4,5,4,0,2600.0,2655.0,,,,2250.0,1980.0,2,2,482.0,564.0,3.52,149.0
2024-05-30 08:46:00,2024,5,30,3,0,3400.0,2389.0,1081.0,1011.0,,2089.0,2780.0,2,3,425.0,487.0,24.0,1283.0
2024-05-29 08:40:00,2024,5,29,2,0,3360.0,2319.0,1111.0,1041.0,,2100.0,2820.0,2,4,394.0,398.0,24.0,1359.0
2024-05-28 08:35:00,2024,5,28,1,0,3350.0,1980.0,1440.0,1370.0,,1900.0,2790.0,3,4,375.0,392.0,24.0,1356.0
2024-05-27 09:02:00,2024,5,27,0,0,3300.0,2330.0,1040.0,970.0,,2100.0,2670.0,2,4,388.0,338.0,24.0,1226.0
2024-05-26 09:00:00,2024,5,26,6,1,3220.0,2235.0,1055.0,985.0,,2155.0,2450.0,2,4,380.0,320.0,24.0,1166.0
2024-05-25 08:05:00,2024,5,25,5,1,3130.0,2320.0,880.0,810.0,,2085.0,2400.0,3,4,267.0,258.0,24.0,963.0
2024-05-24 08:59:00,2024,5,24,4,0,3130.0,2405.0,795.0,725.0,,2120.0,2410.0,3,3,346.0,366.0,24.0,1022.0
2024-05-23 08:54:00,2024,5,23,3,0,3100.0,2240.0,930.0,860.0,,2000.0,2350.0,3,3,402.0,348.0,,849.0
2024-05-22 08:44:00,2024,5,22,2,0,2900.0,2320.0,650.0,580.0,,2200.0,2150.0,2,2,435.0,319.0,24.0,831.0
2024-05-21 09:54:00,2024,5,21,1,0,3180.0,2320.0,930.0,860.0,,1990.0,2510.0,3,2,410.0,399.0,24.0,917.0
2024-05-20 08:40:00,2024,5,20,0,0,3350.0,2445.0,975.0,905.0,,2150.0,2515.0,3,2,413.0,320.0,24.0,1094.0
2024-05-19 09:24:00,2024,5,19,6,1,3350.0,2440.0,985.0,910.0,,2200.0,2670.0,3,2,378.0,360.0,24.0,1045.0
2024-05-18 09:49:00,2024,5,18,5,1,3300.0,2200.0,1170.0,1100.0,,1990.0,2760.0,3,2,463.0,384.0,24.0,1474.0
2024-05-17 10:26:00,2024,5,17,4,0,3380.0,2150.0,1300.0,1230.0,,1940.0,2840.0,4,2,333.0,398.0,24.0,1309.0
2024-05-16 12:05:00,2024,5,16,3,0,3400.0,2489.0,981.0,911.0,,2240.0,2720.0,2,2,483.0,317.0,24.0,1393.0
2024-05-14 09:05:00,2024,5,14,1,0,3150.0,2275.0,945.0,875.0,,2000.0,2625.0,3,3,308.0,279.0,,1090.0
2024-05-13 09:47:00,2024,5,13,0,0,3100.0,2420.0,750.0,680.0,,2230.0,2500.0,2,3,363.0,266.0,,829.0
2024-05-12 10:05:00,2024,5,12,6,1,3100.0,2510.0,660.0,590.0,,2430.0,2410.0,1,3,412.0,187.0,24.0,933.0
2024-05-11 08:00:00,2024,5,11,5,1,3150.0,2481.0,739.0,669.0,,1966.0,2600.0,2,4,382.0,307.0,,1394.0
2024-05-10 09:12:00,2024,5,10,4,0,3200.0,2175.0,1095.0,1025.0,,1900.0,2550.0,2,4,320.0,408.0,24.0,1161.0
2024-05-08 10:04:00,2024,5,8,2,0,3050.0,2310.0,810.0,740.0,,2067.0,2370.0,1,4,403.0,290.0,24.0,893.0
2024-05-07 11:00:00,2024,5,7,1,0,3000.0,2190.0,880.0,810.0,,1900.0,2350.0,2,4,367.0,42.0,,1091.0
2024-05-06 08:56:00,2024,5,6,0,0,2950.0,2139.0,881.0,811.0,,2039.0,2250.0,4,4,442.0,268.0,,746.0
2024-05-05 14:20:00,2024,5,5,6,1,2850.0,2220.0,700.0,630.0,,2025.0,2100.0,4,4,409.0,224.0,,716.0
2024-05-04 09:28:00,2024,5,4,5,1,2750.0,2370.0,450.0,380.0,,2015.0,2100.0,3,5,421.0,318.0,,429.0
2024-05-03 09:02:00,2024,5,3,4,0,2900.0,2260.0,710.0,640.0,,2080.0,2150.0,3,4,462.0,296.0,,798.0
2024-05-02 08:32:00,2024,5,2,3,0,2750.0,2225.0,595.0,525.0,,2075.0,2120.0,2,4,482.0,344.0,,464.0
2024-05-01 08:07:00,2024,5,1,2,0,2750.0,2367.0,453.0,383.0,,1985.0,1890.0,3,4,414.0,284.0,,561.0
2024-05-15 10:26:00,2024,5,15,2,0,3250.0,2340.0,980.0,910.0,,1960.0,2610.0,4,3,313.0,274.0,24.0,1322.0
2024-05-09 09:41:00,2024,5,9,3,0,3150.0,2210.0,1010.0,940.0,,1970.0,2450.0,1,4,413.0,338.0,24.0,1268.0
2024-06-29 09:36:00,2024,6,29,5,1,3100.0,2310.0,860.0,790.0,,2160.0,2250.0,4,1,364.0,279.0,24.0,1138.0
2024-06-26 10:19:00,2024,6,26,2,0,2750.0,2473.0,347.0,277.0,,2250.0,2170.0,3,1,422.0,203.0,6.0,246.0
2024-06-24 08:12:00,2024,6,24,0,0,2750.0,2568.0,252.0,182.0,,2370.0,2050.0,2,1,556.0,324.0,5.0,299.0
2024-06-22 10:04:00,2024,6,22,5,1,2850.0,2470.0,450.0,380.0,,2260.0,2100.0,4,1,400.0,327.0,,456.0
2024-06-21 08:33:00,2024,6,21,4,0,2950.0,2420.0,600.0,530.0,,2300.0,2220.0,4,1,374.0,330.0,,808.0
2024-06-20 08:27:00,2024,6,20,3,0,2950.0,2310.0,710.0,640.0,,2150.0,2240.0,4,1,476.0,579.0,,766.0
2024-06-19 09:13:00,2024,6,19,2,0,2950.0,2678.0,342.0,272.0,,2380.0,2240.0,3,1,418.0,359.0,,747.0
2024-06-17 09:12:00,2024,6,17,0,0,2900.0,2560.0,410.0,340.0,,2580.0,2260.0,3,1,408.0,105.0,,410.0
2024-06-16 11:01:00,2024,6,16,6,1,2950.0,2694.0,326.0,256.0,,2410.0,2240.0,4,2,339.0,98.0,24.0,847.0
2024-06-15 09:14:00,2024,6,15,5,1,3100.0,2660.0,510.0,440.0,,2180.0,2450.0,3,2,364.0,309.0,24.0,968.0
2024-06-14 10:08:00,2024,6,14,4,0,3200.0,2298.0,972.0,902.0,,1968.0,2480.0,4,3,277.0,399.0,24.0,1270.0
2024-06-13 08:06:00,2024,6,13,3,0,3200.0,2030.0,1240.0,1170.0,,1980.0,2530.0,4,3,273.0,327.0,,1221.0
2024-06-12 09:56:00,2024,6,12,2,0,3000.0,2320.0,750.0,680.0,,2220.0,2315.0,3,3,332.0,381.0,24.0,741.0
2024-06-11 08:54:00,2024,6,11,1,0,2950.0,2445.0,575.0,505.0,,2130.0,2340.0,4,3,313.0,249.0,,607.0
2024-06-09 09:26:00,2024,6,9,6,1,2850.0,2543.0,390.0,319.0,,2050.0,2203.0,3,3,288.0,185.0,,661.0
2024-06-08 07:58:00,2024,6,8,5,1,2850.0,2370.0,550.0,480.0,,2330.0,2080.0,3,3,340.0,132.0,,598.0
2024-06-07 09:52:00,2024,6,7,4,0,3000.0,2610.0,460.0,390.0,,2490.0,2300.0,2,3,359.0,170.0,24.0,577.0
2024-06-06 09:03:00,2024,6,6,3,0,3150.0,2335.0,885.0,815.0,,2175.0,2475.0,3,3,361.0,377.0,,953.0
2024-06-05 09:01:00,2024,6,5,2,0,3050.0,2360.0,760.0,690.0,,2260.0,2330.0,2,3,362.0,378.0,,667.0
2024-06-04 08:38:00,2024,6,4,1,0,3000.0,2608.0,462.0,392.0,,2320.0,2300.0,5,1,397.0,360.0,,664.0
2024-06-03 09:12:00,2024,6,3,0,0,3200.0,2590.0,680.0,610.0,,2440.0,2350.0,3,1,414.0,458.0,24.0,825.0
2024-06-02 10:36:00,2024,6,2,6,1,3150.0,2610.0,610.0,540.0,,2260.0,2430.0,2,1,369.0,457.0,2.0,873.0
2024-06-01 08:53:00,2024,6,1,5,1,3300.0,2475.0,895.0,825.0,,2325.0,2550.0,1,2,473.0,472.0,24.0,1056.0
2024-06-30 09:26:00,2024,6,30,6,1,2950.0,2475.0,545.0,475.0,,2340.0,2210.0,3,1,467.0,417.0,,669.0
2024-06-28 08:22:00,2024,6,28,4,0,3150.0,2160.0,1060.0,990.0,,1980.0,2350.0,4,1,416.0,435.0,,1085.0
2024-06-27 09:15:00,2024,6,27,3,0,2900.0,2010.0,960.0,890.0,,2150.0,2300.0,4,1,508.0,478.0,,960.0
2024-06-23 09:12:00,2024,6,23,6,1,2750.0,2595.0,225.0,155.0,,2400.0,2020.0,2,1,404.0,170.0,,345.0
2024-06-18 08:48:00,2024,6,18,1,0,2800.0,2475.0,395.0,325.0,,2300.0,2185.0,3,1,456.0,206.0,,274.0
2024-06-10 09:10:00,2024,6,10,0,0,3000.0,2540.0,530.0,460.0,,2340.0,2230.0,3,3,330.0,249.0,,908.0
2024-07-30 09:25:00,2024,7,30,1,0,3150.0,2565.0,655.0,585.0,,2400.0,2500.0,4,0,435.0,404.0,,596.0
2024-07-28 08:01:00,2024,7,28,6,1,2800.0,2773.0,97.0,27.0,,2466.0,2240.0,3,0,493.0,450.0,,232.0
2024-07-27 09:31:00,2024,7,27,5,1,2800.0,2640.0,230.0,160.0,,2470.0,2250.0,3,0,448.0,407.0,2.75,90.0
2024-07-24 10:21:00,2024,7,24,2,0,3050.0,2720.0,400.0,330.0,,2520.0,2370.0,2,1,535.0,326.0,24.0,422.0
2024-07-23 09:53:00,2024,7,23,1,0,3100.0,2588.0,582.0,512.0,,2380.0,2420.0,3,1,460.0,315.0,,708.0
2024-07-22 10:00:00,2024,7,22,0,0,2900.0,2570.0,390.0,320.0,,2390.0,2230.0,3,1,512.0,207.0,,381.0
2024-07-21 10:00:00,2024,7,21,6,1,3150.0,2753.0,467.0,397.0,,2450.0,2320.0,3,1,464.0,191.0,24.0,929.0
2024-07-20 09:20:00,2024,7,20,5,1,3350.0,2590.0,830.0,760.0,,2140.0,2620.0,4,1,397.0,468.0,24.0,1065.0
2024-07-19 09:39:00,2024,7,19,4,0,3250.0,2300.0,1020.0,950.0,,2300.0,2440.0,4,1,410.0,448.0,,1041.0
2024-07-18 09:15:00,2024,7,18,3,0,3000.0,2560.0,510.0,440.0,,2330.0,2360.0,3,1,396.0,316.0,,625.0
2024-07-17 10:00:00,2024,7,17,2,0,3000.0,2580.0,490.0,420.0,,2400.0,2320.0,2,1,496.0,355.0,,395.0
2024-07-16 10:46:00,2024,7,16,1,0,3050.0,2580.0,540.0,470.0,,2500.0,2320.0,2,1,450.0,216.0,,494.0
2024-07-15 09:08:00,2024,7,15,0,0,3100.0,2690.0,480.0,410.0,,2570.0,2350.0,2,1,431.0,309.0,24.0,616.0
2024-07-14 09:38:00,2024,7,14,6,1,3100.0,2690.0,480.0,410.0,,2250.0,2630.0,5,1,336.0,349.0,24.0,978.0
2024-07-13 09:31:00,2024,7,13,5,1,3100.0,2497.0,673.0,603.0,,2280.0,2500.0,6,1,336.0,235.0,24.0,673.0
2024-07-12 08:54:00,2024,7,12,4,0,3100.0,2540.0,630.0,560.0,,2370.0,2410.0,5,1,359.0,218.0,,539.0
2024-07-11 09:18:00,2024,7,11,3,0,3050.0,2705.0,415.0,345.0,,2540.0,2410.0,3,1,442.0,244.0,,508.0
2024-07-10 09:10:00,2024,7,10,2,0,3050.0,2750.0,370.0,300.0,,2360.0,2440.0,3,1,459.0,252.0,,291.0
2024-07-09 09:00:00,2024,7,9,1,0,3050.0,2830.0,290.0,220.0,,2630.0,2550.0,2,1,540.0,196.0,,296.0
2024-07-08 09:40:00,2024,7,8,0,0,3040.0,2760.0,350.0,280.0,,2650.0,2450.0,2,1,456.0,89.0,6.5,166.0
2024-07-07 09:45:00,2024,7,7,6,1,3050.0,2730.0,390.0,320.0,,2540.0,2400.0,2,1,459.0,187.0,,401.0
2024-07-05 08:28:00,2024,7,5,4,0,3100.0,2688.0,482.0,412.0,,2500.0,2400.0,2,1,447.0,188.0,,621.0
2024-07-04 09:48:00,2024,7,4,3,0,3100.0,2500.0,670.0,600.0,,2400.0,2450.0,1,3,429.0,264.0,,598.0
2024-07-03 10:10:00,2024,7,3,2,0,2950.0,2590.0,430.0,360.0,,2400.0,2350.0,1,3,429.0,222.0,,300.0
2024-07-06 09:04:00,2024,7,6,5,1,3050.0,2730.0,390.0,320.0,,2540.0,2420.0,3,1,409.0,210.0,,397.0
2024-08-31 08:49:00,2024,8,31,5,1,2950.0,2345.0,675.0,605.0,,2115.0,2090.0,4,0,397.0,214.0,,1025.0
2024-08-30 09:29:00,2024,8,30,4,0,3000.0,2292.0,778.0,708.0,,2200.0,2150.0,4,0,335.0,190.0,,786.0
2024-08-29 09:03:00,2024,8,29,3,0,3000.0,2270.0,800.0,730.0,,2270.0,2210.0,4,0,424.0,207.0,24.0,732.0
2024-08-28 09:16:00,2024,8,28,2,0,3000.0,2220.0,850.0,780.0,,2050.0,2250.0,5,0,403.0,254.0,,430.0
2024-08-27 08:14:00,2024,8,27,1,0,3050.0,2515.0,595.0,535.0,,2440.0,2250.0,4,0,515.0,213.0,,620.0
2024-08-26 09:08:00,2024,8,26,0,0,3000.0,2541.0,529.0,459.0,,2376.0,2260.0,4,0,441.0,253.0,,373.0
2024-08-25 11:09:00,2024,8,25,6,1,2900.0,2499.0,471.0,401.0,,2400.0,2285.0,4,0,432.0,214.0,,407.0
2024-08-24 09:54:00,2024,8,24,5,1,3150.0,2600.0,620.0,550.0,,2530.0,2350.0,4,0,536.0,146.0,24.0,1160.0
2024-08-23 09:39:00,2024,8,23,4,0,3350.0,2175.0,1245.0,1175.0,,2125.0,2590.0,5,0,312.0,196.0,24.0,1351.0
2024-08-22 09:11:00,2024,8,22,3,0,3350.0,2115.0,1305.0,1235.0,,2060.0,2650.0,5,0,357.0,183.0,24.0,1186.0
2024-08-21 13:37:00,2024,8,21,2,0,3250.0,2170.0,1150.0,1080.0,,2240.0,2500.0,3,0,403.0,170.0,24.0,1135.0
2024-08-20 09:10:00,2024,8,20,1,0,3150.0,2280.0,940.0,870.0,20.0,2270.0,2320.0,3,0,398.0,202.0,,558.0
2024-08-18 09:41:00,2024,8,18,6,1,3100.0,2550.0,620.0,550.0,,2440.0,2300.0,3,0,492.0,174.0,24.0,602.0
2024-08-17 09:53:00,2024,8,17,5,1,3220.0,2470.0,820.0,750.0,,2360.0,2430.0,4,0,449.0,229.0,,833.0
2024-08-16 10:23:00,2024,8,16,4,0,3200.0,2605.0,665.0,595.0,,2460.0,2405.0,2,0,664.0,297.0,,829.0
2024-08-15 08:23:00,2024,8,15,3,0,3150.0,2720.0,500.0,430.0,,2430.0,2450.0,3,0,453.0,260.0,,832.0
2024-08-14 09:32:00,2024,8,14,2,0,3050.0,2570.0,550.0,480.0,,2470.0,2270.0,3,0,456.0,175.0,24.0,517.0
2024-08-13 08:57:00,2024,8,13,1,0,3150.0,2615.0,605.0,535.0,,2260.0,2560.0,5,0,380.0,299.0,,825.0
2024-08-12 08:33:00,2024,8,12,0,0,3050.0,2730.0,390.0,320.0,,2580.0,2320.0,3,0,424.0,264.0,,356.0
2024-08-11 09:35:00,2024,8,11,6,1,3100.0,2520.0,650.0,580.0,,2340.0,2400.0,4,0,431.0,300.0,,985.0
2024-08-10 08:44:00,2024,8,10,5,1,3000.0,2230.0,840.0,770.0,,2050.0,2330.0,6,0,231.0,361.0,,610.0
2024-08-08 10:28:00,2024,8,8,3,0,3150.0,2476.0,744.0,674.0,,2340.0,2320.0,3,0,444.0,349.0,,725.0
2024-08-07 08:45:00,2024,8,7,2,0,3100.0,2480.0,690.0,620.0,,2420.0,2370.0,3,0,558.0,397.0,,628.0
2024-08-06 09:09:00,2024,8,6,1,0,2950.0,2647.0,373.0,303.0,,2426.0,2350.0,3,0,459.0,276.0,,247.0
2024-08-05 11:00:00,2024,8,5,0,0,2900.0,2663.0,307.0,237.0,,2585.0,2150.0,2,0,468.0,298.0,,307.0
2024-08-02 09:50:00,2024,8,2,4,0,3180.0,2640.0,610.0,540.0,,2500.0,2470.0,3,0,474.0,408.0,24.0,639.0
2024-08-19 09:10:00,2024,8,19,0,0,3050.0,2580.0,540.0,470.0,,2480.0,2340.0,2,0,528.0,185.0,,337.0
2024-08-09 09:20:00,2024,8,9,4,0,3100.0,2387.0,783.0,713.0,,2387.0,2294.0,5,0,348.0,290.0,,621.0
2024-08-01 09:43:00,2024,8,1,3,0,3200.0,2555.0,715.0,645.0,,2350.0,2500.0,4,0,428.0,352.0,,758.0
2024-09-29 08:27:00,2024,9,29,6,1,3300.0,2092.0,1278.0,1208.0,,1980.0,2770.0,2,1,546.0,556.0,24.0,1325.0
2024-09-28 09:26:00,2024,9,28,5,1,3250.0,2099.0,1221.0,1151.0,,1910.0,2700.0,2,1,559.0,572.0,24.0,1218.0
2024-09-27 10:05:00,2024,9,27,4,0,3150.0,2005.0,1215.0,1145.0,,1960.0,2510.0,2,1,494.0,521.0,,922.0
2024-09-24 11:48:00,2024,9,24,1,0,3200.0,2275.0,995.0,925.0,,2100.0,2550.0,3,1,498.0,281.0,24.0,1081.0
2024-09-23 09:15:00,2024,9,23,0,0,3200.0,2320.0,950.0,880.0,,2150.0,2290.0,4,1,476.0,316.0,24.0,1033.0
2024-09-22 09:33:00,2024,9,22,6,1,3100.0,2290.0,880.0,810.0,,2070.0,2406.0,4,1,372.0,278.0,,1043.0
2024-09-21 11:58:00,2024,9,21,5,1,3100.0,2370.0,800.0,730.0,,2120.0,2328.0,5,0,398.0,275.0,24.0,991.0
2024-09-20 08:00:00,2024,9,20,4,0,3300.0,2300.0,1070.0,1000.0,,2130.0,2650.0,4,0,437.0,312.0,,1514.0
2024-09-19 11:50:00,2024,9,19,3,0,3250.0,1960.0,1360.0,1290.0,,1870.0,2650.0,6,0,302.0,388.0,24.0,1233.0
2024-09-18 09:24:00,2024,9,18,2,0,3250.0,1930.0,1390.0,1320.0,,1830.0,2790.0,5,0,424.0,582.0,24.0,1347.0
2024-09-17 09:12:00,2024,9,17,1,0,3200.0,2240.0,1030.0,960.0,,2170.0,2550.0,5,0,449.0,448.0,,973.0
2024-09-16 08:54:00,2024,9,16,0,0,3200.0,2300.0,970.0,900.0,,2300.0,2450.0,3,0,527.0,341.0,24.0,715.0
2024-09-14 10:16:00,2024,9,14,5,1,3200.0,2380.0,890.0,820.0,,2380.0,2490.0,2,0,523.0,402.0,,856.0
2024-09-13 09:31:00,2024,9,13,4,0,3180.0,2428.0,822.0,752.0,,2300.0,2465.0,2,0,586.0,395.0,,803.0
2024-09-12 08:37:00,2024,9,12,3,0,3100.0,2450.0,720.0,650.0,,2450.0,2400.0,2,0,586.0,280.0,,485.0
2024-09-11 08:38:00,2024,9,11,2,0,3150.0,2650.0,570.0,500.0,,2650.0,2420.0,2,0,587.0,242.0,,698.0
2024-09-09 08:21:00,2024,9,9,0,0,3200.0,2450.0,820.0,750.0,,2250.0,2555.0,4,0,496.0,390.0,24.0,859.0
2024-09-06 09:16:00,2024,9,6,4,0,3100.0,2455.0,715.0,645.0,,2320.0,2450.0,3,0,447.0,281.0,,689.0
2024-09-05 09:23:00,2024,9,5,3,0,3050.0,2450.0,670.0,600.0,,2400.0,2390.0,3,0,511.0,363.0,,620.0
2024-09-04 09:10:00,2024,9,4,2,0,3050.0,2455.0,665.0,595.0,,2250.0,2440.0,4,0,352.0,280.0,,701.0
2024-09-03 09:21:00,2024,9,3,1,0,2900.0,2360.0,610.0,540.0,,2330.0,2220.0,4,0,376.0,206.0,,448.0
2024-09-02 09:08:00,2024,9,2,0,0,2950.0,2600.0,420.0,350.0,,2500.0,2200.0,4,0,480.0,214.0,,225.0
2024-09-30 09:17:00,2024,9,30,0,0,3300.0,2260.0,1110.0,1040.0,,1890.0,2610.0,3,1,512.0,594.0,24.0,1341.0
2024-09-26 08:35:00,2024,9,26,3,0,2950.0,2185.0,835.0,765.0,,1950.0,2040.0,2,1,537.0,522.0,24.0,1001.0
2024-09-25 09:15:00,2024,9,25,2,0,3000.0,2220.0,850.0,780.0,,2025.0,2350.0,2,1,541.0,605.0,24.0,1022.0
2024-09-15 08:17:00,2024,9,15,6,1,3200.0,2410.0,860.0,790.0,,2245.0,2540.0,3,0,517.0,376.0,24.0,950.0
2024-09-10 09:49:00,2024,9,10,1,0,3240.0,2453.0,857.0,787.0,,2350.0,2570.0,3,0,562.0,287.0,24.0,749.0
2024-09-08 09:28:00,2024,9,8,6,1,3000.0,2510.0,560.0,490.0,,2320.0,2450.0,3,0,533.0,550.0,24.0,547.0
2024-09-07 10:47:00,2024,9,7,5,1,3150.0,2495.0,725.0,655.0,,2285.0,2550.0,3,0,538.0,540.0,,723.0
2024-09-01 08:57:00,2024,9,1,6,1,2950.0,2580.0,440.0,370.0,,2340.0,2100.0,4,0,469.0,204.0,,951.0
2024-10-31 09:17:00,2024,10,31,3,0,3150.0,1630.0,1590.0,1520.0,,1630.0,2460.0,4,3,361.0,411.0,24.0,1525.0
2024-10-30 11:52:00,2024,10,30,2,0,3150.0,1820.0,1400.0,1330.0,,1670.0,2400.0,4,3,357.0,406.0,,1444.0
2024-10-29 09:28:00,2024,10,29,1,0,3150.0,1902.0,1318.0,1248.0,,2015.0,2250.0,3,3,538.0,409.0,,1200.0
2024-10-28 09:28:00,2024,10,28,0,0,3050.0,2060.0,1060.0,990.0,,1980.0,2200.0,3,2,538.0,456.0,,1147.0
2024-10-27 08:53:00,2024,10,27,6,1,3000.0,2220.0,870.0,800.0,,2100.0,2000.0,3,2,526.0,335.0,24.0,1054.0
2024-10-26 10:21:00,2024,10,26,5,1,2980.0,2080.0,970.0,900.0,,1920.0,2100.0,4,2,498.0,409.0,,1007.0
2024-10-25 10:21:00,2024,10,25,4,0,3000.0,2124.0,946.0,876.0,,1937.0,2000.0,3,2,545.0,191.0,,879.0
2024-10-24 08:59:00,2024,10,24,3,0,3050.0,1990.0,1060.0,990.0,,1990.0,2160.0,3,2,724.0,135.0,24.0,1245.0
2024-10-23 09:21:00,2024,10,23,2,0,2950.0,1978.0,1042.0,972.0,,1880.0,2100.0,3,2,629.0,95.0,24.0,986.0
2024-10-18 08:45:00,2024,10,18,4,0,3200.0,1705.0,1565.0,1495.0,,1390.0,2500.0,3,3,439.0,335.0,,1642.0
2024-10-17 09:17:00,2024,10,17,3,0,3300.0,1692.0,1678.0,1608.0,,1600.0,2600.0,4,3,441.0,325.0,24.0,1589.0
2024-10-16 08:23:00,2024,10,16,2,0,3380.0,2005.0,1445.0,1375.0,,1780.0,2660.0,4,3,407.0,222.0,24.0,1641.0
2024-10-13 08:03:00,2024,10,13,6,1,3300.0,2070.0,1300.0,1230.0,,1900.0,2580.0,2,2,540.0,350.0,,1278.0
2024-10-12 10:27:00,2024,10,12,5,1,3400.0,2240.0,1220.0,1150.0,,2250.0,2260.0,1,2,635.0,350.0,24.0,1467.0
2024-10-11 08:32:00,2024,10,11,4,0,3350.0,2175.0,1245.0,1175.0,,1910.0,2520.0,2,2,604.0,550.0,24.0,1153.0
2024-10-10 09:27:00,2024,10,10,3,0,3350.0,2185.0,1235.0,1165.0,,2094.0,2400.0,1,2,586.0,370.0,,1304.0
2024-10-09 09:14:00,2024,10,9,2,0,3350.0,2280.0,1140.0,1070.0,,2280.0,2450.0,2,2,550.0,187.0,24.0,1140.0
2024-10-07 08:11:00,2024,10,7,0,0,3300.0,2220.0,1150.0,1080.0,,2140.0,2450.0,2,2,383.0,274.0,24.0,1349.0
2024-10-06 09:23:00,2024,10,6,6,1,3200.0,2155.0,1115.0,1045.0,,1780.0,2500.0,4,2,416.0,485.0,24.0,1487.0
2024-10-05 09:49:00,2024,10,5,5,1,3250.0,2180.0,1140.0,1070.0,,2050.0,2550.0,4,2,383.0,322.0,24.0,1198.0
2024-10-04 12:26:00,2024,10,4,4,0,3240.0,2224.0,1086.0,1016.0,,1980.0,2545.0,5,2,368.0,401.0,24.0,1580.0
2024-10-03 08:47:00,2024,10,3,3,0,3340.0,2146.0,1264.0,1194.0,,2016.0,2440.0,4,3,368.0,307.0,24.0,1249.0
2024-10-02 09:33:00,2024,10,2,2,0,3350.0,2195.0,1225.0,1155.0,,2000.0,2510.0,3,2,456.0,310.0,24.0,1214.0
2024-10-02 09:33:00,2024,10,2,2,0,3350.0,2195.0,1225.0,1155.0,,2000.0,2510.0,3,2,456.0,450.0,24.0,1214.0
2024-10-15 09:26:00,2024,10,15,1,0,3300.0,1992.0,1378.0,1308.0,,1830.0,2560.0,3,3,419.0,606.0,,1358.0
2024-10-14 09:56:00,2024,10,14,0,0,3360.0,2060.0,1370.0,1300.0,,1950.0,2600.0,5,2,366.0,402.0,24.0,1346.0
2024-10-08 08:14:00,2024,10,8,1,0,3350.0,2265.0,1155.0,1085.0,,2100.0,2565.0,2,2,553.0,265.0,24.0,1363.0
2024-10-01 09:14:00,2024,10,1,1,0,3280.0,2170.0,1180.0,1110.0,,2050.0,2470.0,3,1,500.0,285.0,24.0,1383.0
2024-11-30 09:57:00,2024,11,30,5,1,3180.0,1769.0,1481.0,1411.0,,1695.0,2280.0,3,4,316.0,306.0,,1660.0
2024-11-29 09:11:00,2024,11,29,4,0,3200.0,1710.0,1580.0,1510.0,,1710.0,2200.0,2,3,427.0,307.0,,1551.0
2024-11-28 09:51:00,2024,11,28,3,0,3160.0,1840.0,1390.0,1320.0,,1750.0,2180.0,2,3,427.0,226.0,24.0,1580.0
2024-11-27 09:29:00,2024,11,27,2,0,3180.0,1747.0,1503.0,1433.0,,1420.0,2390.0,2,3,356.0,228.0,,1563.0
2024-11-26 07:54:00,2024,11,26,1,0,3030.0,1650.0,1450.0,1380.0,,1600.0,2220.0,4,3,346.0,229.0,,1278.0
2024-11-24 08:58:00,2024,11,24,6,1,2980.0,1840.0,1230.0,1140.0,,1610.0,1880.0,5,3,274.0,204.0,,1550.0
2024-11-23 09:26:00,2024,11,23,5,1,2980.0,1565.0,1485.0,1415.0,,1500.0,2000.0,4,3,270.0,251.0,,1469.0
2024-11-22 08:30:00,2024,11,22,4,0,3000.0,1650.0,1420.0,1350.0,,1585.0,2150.0,3,3,348.0,213.0,24.0,1471.0
2024-11-21 08:30:00,2024,11,21,3,0,3100.0,1675.0,1495.0,1425.0,,1540.0,2320.0,4,3,253.0,216.0,,1735.0
2024-11-20 09:27:00,2024,11,20,2,0,3100.0,1629.0,1541.0,1471.0,,1400.0,2350.0,5,3,251.0,197.0,24.0,1514.0
2024-11-19 08:04:00,2024,11,19,1,0,3080.0,1556.0,1594.0,1524.0,,1600.0,2160.0,4,4,342.0,387.0,24.0,1476.0
2024-11-18 09:23:00,2024,11,18,0,0,3100.0,1771.0,1399.0,1329.0,,1615.0,2100.0,4,3,345.0,437.0,24.0,1348.0
2024-11-16 09:48:00,2024,11,16,5,1,3100.0,1660.0,1510.0,1440.0,,1560.0,2154.0,4,3,351.0,509.0,24.0,1385.0
2024-11-15 08:11:00,2024,11,15,4,0,3000.0,1755.0,1315.0,1245.0,,1630.0,2370.0,4,3,351.0,432.0,24.0,1230.0
2024-11-13 08:44:00,2024,11,13,2,0,3200.0,1870.0,1400.0,1330.0,,1870.0,2410.0,4,3,388.0,113.0,,1279.0
2024-11-06 09:42:00,2024,11,6,2,0,2900.0,1616.0,1354.0,1284.0,,1500.0,2550.0,5,4,335.0,429.0,24.0,1768.0
2024-11-05 08:54:00,2024,11,5,1,0,3100.0,1730.0,1440.0,1370.0,,1500.0,2550.0,4,4,410.0,590.0,24.0,1449.0
2024-11-04 08:33:00,2024,11,4,0,0,3150.0,1854.0,1366.0,1296.0,,1650.0,2440.0,3,4,445.0,332.0,24.0,1349.0
2024-11-02 08:37:00,2024,11,2,5,1,3100.0,1795.0,1375.0,1305.0,,1695.0,2360.0,5,4,253.0,383.0,24.0,1430.0
2024-11-02 08:37:00,2024,11,2,5,1,3100.0,1795.0,1375.0,1305.0,,1695.0,2360.0,5,4,253.0,383.0,24.0,1430.0
2024-11-01 08:33:00,2024,11,1,4,0,3200.0,1675.0,1595.0,1525.0,,1550.0,2480.0,6,3,260.0,376.0,24.0,1488.0
2024-11-25 09:16:00,2024,11,25,0,0,3100.0,1805.0,1365.0,1295.0,,,,5,3,353.0,236.0,,1492.0
2024-11-17 08:22:00,2024,11,17,6,1,3100.0,1749.0,1421.0,1351.0,,1470.0,2220.0,4,3,346.0,287.0,24.0,1615.0
2024-11-14 08:51:00,2024,11,14,3,0,3020.0,1760.0,1330.0,1260.0,,1730.0,2450.0,5,3,341.0,190.0,24.0,1218.0
2024-11-14 08:51:00,2024,11,14,3,0,3020.0,1760.0,1330.0,1260.0,,1730.0,2450.0,5,3,341.0,190.0,,1218.0
2024-11-12 08:54:00,2024,11,12,1,0,3000.0,1902.0,1168.0,1098.0,,,,1,1,,,,1047.0
2024-11-03 08:13:00,2024,11,3,6,1,3150.0,1800.0,1420.0,1350.0,,1650.0,2450.0,5,4,314.0,350.0,24.0,1575.0
2024-11-03 08:13:00,2024,11,3,6,1,3150.0,1800.0,1420.0,1350.0,,1650.0,2450.0,5,4,314.0,350.0,24.0,1575.0
2024-12-31 09:29:00,2024,12,31,1,0,2600.0,2375.0,295.0,225.0,,2100.0,1950.0,2,3,344.0,300.0,,1181.0
2024-12-30 09:05:00,2024,12,30,0,0,3150.0,2110.0,1110.0,1040.0,,1945.0,2000.0,3,3,293.0,248.0,,1182.0
2024-12-29 09:18:00,2024,12,29,6,1,3100.0,2100.0,1070.0,1000.0,,1910.0,2150.0,3,3,288.0,325.0,,1298.0
2024-12-28 08:46:00,2024,12,28,5,1,3100.0,2005.0,1165.0,1095.0,,1753.0,2050.0,2,3,339.0,640.0,,1281.0
2024-12-26 09:33:00,2024,12,26,3,0,3150.0,1880.0,1340.0,1270.0,,1880.0,2150.0,2,3,321.0,430.0,,1307.0
2024-12-25 09:53:00,2024,12,25,2,0,3080.0,1870.0,1280.0,1210.0,,1780.0,2000.0,2,3,293.0,562.0,,1416.0
2024-12-23 09:30:00,2024,12,23,0,0,3120.0,1777.0,1413.0,1343.0,,1612.0,1940.0,2,4,263.0,482.0,,1442.0
2024-12-22 08:52:00,2024,12,22,6,1,3050.0,1917.0,1203.0,1133.0,,1705.0,1975.0,2,4,257.0,703.0,,1476.0
2024-12-20 08:51:00,2024,12,20,4,0,3150.0,1695.0,1525.0,1455.0,,1560.0,2300.0,2,5,213.0,682.0,24.0,1608.0
2024-12-19 08:09:00,2024,12,19,3,0,3200.0,1559.0,1711.0,1641.0,,1519.0,2180.0,2,5,242.0,638.0,,1538.0
2024-12-18 09:42:00,2024,12,18,2,0,3200.0,1700.0,1570.0,1500.0,,1700.0,2150.0,2,5,296.0,558.0,,1496.0
2024-12-17 10:53:00,2024,12,17,1,0,3050.0,1940.0,1180.0,1110.0,,1780.0,2050.0,2,4,274.0,329.0,,1134.0
2024-12-16 08:52:00,2024,12,16,0,0,3050.0,1885.0,1235.0,1165.0,,1885.0,1950.0,2,4,339.0,274.0,,1173.0
2024-12-15 09:02:00,2024,12,15,6,1,3000.0,1740.0,1330.0,1260.0,,1670.0,2000.0,4,4,234.0,359.0,,1213.0
2024-12-14 09:43:00,2024,12,14,5,1,3020.0,1892.0,1198.0,1128.0,,1795.0,1900.0,3,3,284.0,339.0,,1412.0
2024-12-13 09:45:00,2024,12,13,4,0,3020.0,1995.0,1095.0,1025.0,,1840.0,1970.0,4,3,240.0,249.0,,1247.0
2024-12-12 11:47:00,2024,12,12,3,0,3150.0,1974.0,1246.0,1176.0,,1949.0,2070.0,3,3,305.0,244.0,,1355.0
2024-12-11 10:02:00,2024,12,11,2,0,3150.0,1970.0,1250.0,1180.0,,1800.0,2180.0,3,4,278.0,355.0,,1553.0
2024-12-10 08:56:00,2024,12,10,1,0,3150.0,1695.0,1525.0,1455.0,,1640.0,2100.0,4,4,257.0,398.0,,1516.0
2024-12-08 09:10:00,2024,12,8,6,1,3050.0,1850.0,1270.0,1200.0,,1740.0,2030.0,3,4,294.0,283.0,,1526.0
2024-12-07 08:36:00,2024,12,7,5,1,3050.0,1566.0,1554.0,1484.0,,1480.0,1875.0,3,5,251.0,392.0,,1566.0
2024-12-06 08:40:00,2024,12,6,4,0,3100.0,1745.0,1425.0,1355.0,,1610.0,2000.0,3,4,281.0,158.0,,1466.0
2024-12-05 08:36:00,2024,12,5,3,0,3050.0,1645.0,1475.0,1405.0,,1450.0,1900.0,4,4,321.0,145.0,,
2024-12-03 09:38:00,2024,12,3,1,0,3080.0,1554.0,1596.0,1526.0,,1530.0,2100.0,4,4,244.0,308.0,,1392.0
2024-12-02 09:12:00,2024,12,2,0,0,3250.0,1818.0,1502.0,1432.0,,1794.0,2100.0,3,4,297.0,295.0,,1384.0
2024-12-01 08:55:00,2024,12,1,6,1,3180.0,1814.0,1436.0,1366.0,,1740.0,2140.0,3,4,294.0,313.0,24.0,1548.0
2024-12-27 09:12:00,2024,12,27,4,0,3150.0,1909.0,1311.0,1241.0,,1788.0,2150.0,2,3,323.0,398.0,,1301.0
2024-12-24 09:37:00,2024,12,24,1,0,2980.0,1736.0,1314.0,1244.0,,1480.0,2150.0,3,3,209.0,519.0,,1432.0
2024-12-21 09:15:00,2024,12,21,5,1,3080.0,1660.0,1490.0,1420.0,,1660.0,2000.0,2,4,264.0,480.0,24.0,1619.0
2024-12-21 09:15:00,2024,12,21,5,1,3080.0,1660.0,1490.0,1420.0,,1660.0,2000.0,2,4,264.0,480.0,24.0,1619.0
2024-12-09 08:33:00,2024,12,9,0,0,3080.0,1765.0,1385.0,1315.0,,1700.0,2020.0,3,4,280.0,303.0,,1216.0
2025-01-31 09:47:00,2025,1,31,4,0,3220.0,1740.0,1550.0,,,1691.0,2100.0,3,4,222.0,,,1442.0
2025-01-30 08:51:00,2025,1,30,3,0,3220.0,1830.0,1460.0,,,1710.0,2200.0,3,3,326.0,,,1435.0
2025-01-29 10:16:00,2025,1,29,2,0,3220.0,1925.0,1365.0,1295.0,,1840.0,2200.0,2,3,359.0,409.0,,1416.0
2025-01-28 09:06:00,2025,1,28,1,0,,,1440.0,,,1880.0,2150.0,2,3,348.0,,,1555.0
2025-01-27 09:11:00,2025,1,27,0,0,3250.0,1909.0,1411.0,,,1790.0,2000.0,1,1,400.0,479.0,,1227.0
2025-01-26 10:40:00,2025,1,26,6,1,3000.0,1966.0,1104.0,,,1881.0,1758.0,2,3,366.0,302.0,,1245.0
2025-01-25 09:59:00,2025,1,25,5,1,3000.0,2010.0,1060.0,990.0,,2010.0,1700.0,1,3,392.0,278.0,14.0,960.0
2025-01-24 10:20:00,2025,1,24,4,0,3050.0,2100.0,1020.0,950.0,,2100.0,1880.0,1,3,386.0,178.0,,1039.0
2025-01-23 09:09:00,2025,1,23,3,0,3040.0,2120.0,990.0,,,2120.0,2015.0,1,1,423.0,132.0,,981.0
2025-01-22 09:30:00,2025,1,22,2,0,3280.0,2080.0,1270.0,1200.0,,1830.0,2315.0,1,4,363.0,208.0,24.0,1676.0
2025-01-21 10:21:00,2025,1,21,1,0,3250.0,1720.0,1600.0,1530.0,,1560.0,2285.0,4,4,255.0,285.0,,1708.0
2025-01-20 09:22:00,2025,1,20,0,0,3250.0,1640.0,1680.0,1610.0,,1530.0,2430.0,4,4,251.0,296.0,,1530.0
2025-01-19 08:57:00,2025,1,19,6,1,3100.0,1750.0,1420.0,1350.0,,1680.0,1980.0,2,4,275.0,276.0,,1384.0
2025-01-16 09:46:00,2025,1,16,3,0,3250.0,2020.0,1300.0,1230.0,7.0,1900.0,1850.0,1,3,344.0,169.0,,1377.0
2025-01-15 09:12:00,2025,1,15,2,0,3240.0,2081.0,1229.0,1159.0,,1840.0,2060.0,1,3,340.0,212.0,,1286.0
2025-01-14 08:22:00,2025,1,14,1,0,3120.0,2055.0,1135.0,1065.0,,1890.0,2040.0,2,3,285.0,182.0,,1028.0
2025-01-12 09:39:00,2025,1,12,6,1,2950.0,2100.0,920.0,850.0,,2100.0,1800.0,2,3,282.0,243.0,,943.0
2025-01-11 10:55:00,2025,1,11,5,1,,2200.0,770.0,700.0,,2200.0,1740.0,1,1,,,,818.0
2025-01-10 10:09:00,2025,1,10,4,0,,,805.0,735.0,,2045.0,1800.0,0,5,,,,857.0
2025-01-09 09:27:00,2025,1,9,3,0,2900.0,2200.0,770.0,700.0,,2200.0,1800.0,3,3,235.0,203.0,,755.0
2025-01-08 08:56:00,2025,1,8,2,0,3100.0,2130.0,1040.0,970.0,,2030.0,1880.0,2,3,293.0,195.0,,1224.0
2025-01-07 09:13:00,2025,1,7,1,0,3050.0,1960.0,1160.0,,,1900.0,1950.0,0,0,,,,912.0
2025-01-06 08:21:00,2025,1,6,0,0,3000.0,2130.0,940.0,870.0,,2130.0,1850.0,3,3,276.0,205.0,,929.0
2025-01-05 09:19:00,2025,1,5,6,1,2700.0,2127.0,693.0,623.0,,2077.0,1610.0,3,3,263.0,260.0,,767.0
2025-01-04 08:43:00,2025,1,4,5,1,2900.0,2170.0,800.0,730.0,,2120.0,1650.0,2,3,285.0,230.0,,777.0
2025-01-03 08:22:00,2025,1,3,4,0,2800.0,2211.0,659.0,589.0,,2161.0,1650.0,3,3,319.0,305.0,,660.0
2025-01-02 08:41:00,2025,1,2,3,0,2700.0,2200.0,570.0,500.0,,2120.0,1670.0,3,3,277.0,209.0,,489.0
2025-01-18 08:43:00,2025,1,18,5,1,3200.0,2100.0,1170.0,1100.0,,2040.0,1980.0,1,3,451.0,323.0,,1475.0
2025-01-01 08:57:00,2025,1,1,2,0,2450.0,2275.0,245.0,175.0,6.0,2200.0,1670.0,4,3,323.0,151.1,5.8833,230.0
2025-01-13 10:05:00,2025,1,13,0,0,3000.0,2110.0,960.0,890.0,,2110.0,1900.0,1,3,335.0,239.0,,809.0
2025-02-27 09:42:00,2025,2,27,3,0,3200.0,1720.0,1550.0,1480.0,,1540.0,2220.0,4,3,367.0,503.0,24.0,1680.0
2025-02-26 09:40:00,2025,2,26,2,0,3200.0,1629.0,1641.0,1571.0,,1610.0,2220.0,3,3,360.0,566.0,24.0,1748.0
2025-02-25 09:54:00,2025,2,25,1,0,3080.0,1558.0,1592.0,1522.0,,1360.0,2320.0,3,3,392.0,422.0,24.0,1713.0
2025-02-24 08:51:00,2025,2,24,0,0,3150.0,1484.0,1736.0,1666.0,,1384.0,2360.0,3,3,392.0,582.0,24.0,1572.0
2025-02-23 11:33:00,2025,2,23,6,1,3150.0,1590.0,1630.0,1560.0,,1330.0,2300.0,4,3,250.0,520.0,24.0,1642.0
2025-02-22 09:31:00,2025,2,22,5,1,3090.0,1603.0,1557.0,1487.0,,1418.0,2214.0,3,3,438.0,398.0,24.0,1567.0
2025-02-20 09:53:00,2025,2,20,3,0,3250.0,1810.0,1510.0,1440.0,,1660.0,2530.0,2,3,396.0,200.0,24.0,1590.0
2025-02-19 08:31:00,2025,2,19,2,0,3200.0,1590.0,1680.0,1610.0,,1455.0,2360.0,3,3,325.0,468.0,24.0,1709.0
2025-02-18 08:46:00,2025,2,18,1,0,3350.0,1800.0,1620.0,1550.0,,1520.0,2400.0,3,3,272.0,441.0,24.0,1695.0
2025-02-17 08:30:00,2025,2,17,0,0,3280.0,1830.0,1520.0,1450.0,,1750.0,2410.0,3,3,293.0,330.0,,1397.0
2025-02-16 09:16:00,2025,2,16,6,1,3250.0,1840.0,1480.0,1410.0,,1760.0,2320.0,3,3,290.0,251.0,,1735.0
2025-02-15 10:01:00,2025,2,15,5,1,3100.0,1735.0,1435.0,1365.0,,1550.0,2450.0,2,3,331.0,374.0,24.0,1668.0
2025-02-14 08:48:00,2025,2,14,4,0,3100.0,1735.0,1435.0,1365.0,,1550.0,2450.0,2,3,331.0,374.0,24.0,1668.0
2025-02-13 09:11:00,2025,2,13,3,0,3200.0,1460.0,1810.0,1740.0,,1200.0,2300.0,4,3,235.0,340.0,24.0,1770.0
2025-02-12 09:54:00,2025,2,12,2,0,3290.0,1490.0,1870.0,1800.0,,1390.0,2300.0,3,4,250.0,407.0,,1736.0
2025-02-11 08:49:00,2025,2,11,1,0,3350.0,1960.0,1460.0,1390.0,,1800.0,2200.0,2,3,390.0,333.0,,1614.0
2025-02-10 08:28:00,2025,2,10,0,0,3300.0,1845.0,1525.0,1455.0,,1655.0,2210.0,2,3,411.0,421.0,,1362.0
2025-02-09 09:13:00,2025,2,9,6,1,3200.0,1898.0,1372.0,1302.0,2.0,1960.0,2126.0,2,3,492.0,350.0,24.0,1422.0
2025-02-08 09:22:00,2025,2,8,5,1,3300.0,2005.0,1365.0,1295.0,,1590.0,2250.0,3,3,325.0,411.0,,1731.0
2025-02-06 09:45:00,2025,2,6,3,0,3180.0,1675.0,1575.0,1505.0,,1465.0,2350.0,4,4,193.0,279.0,24.0,1696.0
2025-02-05 09:39:00,2025,2,5,2,0,3250.0,1685.0,1630.0,1560.0,,1470.0,2350.0,4,4,160.0,342.0,24.0,1775.0
2025-02-03 11:36:00,2025,2,3,0,0,3300.0,1825.0,1545.0,1475.0,,1710.0,2300.0,3,4,265.0,284.0,24.0,1584.0
2025-02-28 09:01:00,2025,2,28,4,0,3250.0,1695.0,1625.0,1555.0,,1520.0,2315.0,4,3,310.0,522.0,24.0,1719.0
2025-02-21 09:39:00,2025,2,21,4,0,3250.0,1756.0,1564.0,1494.0,7.0,1600.0,2310.0,1,3,438.0,418.0,24.0,1615.0
2025-02-01 09:31:00,2025,2,1,5,1,3200.0,1765.0,1505.0,1435.0,,1765.0,2150.0,2,4,277.0,431.0,,1511.0
2025-02-04 09:07:00,2025,2,4,1,0,3350.0,1706.0,1714.0,1644.0,,1470.0,2300.0,4,4,151.0,340.0,24.0,1536.0
2025-02-07 09:38:00,2025,2,7,4,0,3180.0,1814.0,1436.0,1366.0,,1270.0,2260.0,2,4,342.0,305.0,24.0,1678.0
2025-03-31 09:55:00,2025,3,31,0,0,3350.0,1990.0,1430.0,1360.0,,1790.0,2580.0,3,4,341.0,485.0,24.0,1556.0
2025-03-29 10:12:00,2025,3,29,5,1,3280.0,1830.0,1520.0,1450.0,,1700.0,2270.0,3,4,,,,1502.0
2025-03-26 09:29:00,2025,3,26,2,0,3200.0,1865.0,1405.0,1335.0,,1800.0,2050.0,2,4,,,,1618.0
2025-03-25 10:43:00,2025,3,25,1,0,3260.0,1940.0,1390.0,1320.0,6.0,1840.0,2540.0,2,4,,,,1454.0
2025-03-24 09:26:00,2025,3,24,0,0,3250.0,1897.0,1423.0,1353.0,6.0,1837.0,2200.0,2,4,332.0,521.0,,1475.0
2025-03-22 09:52:00,2025,3,22,5,1,3050.0,1970.0,1150.0,1080.0,,1970.0,1775.0,2,4,,,,1238.0
2025-03-21 09:23:00,2025,3,21,4,0,3150.0,1980.0,1240.0,1170.0,,1920.0,2060.0,0,5,,,,1238.0
2025-03-20 09:30:00,2025,3,20,3,0,3200.0,1900.0,1370.0,1300.0,6.0,1800.0,1950.0,2,4,435.0,176.0,,1377.0
2025-03-18 09:06:00,2025,3,18,1,0,3200.0,1900.0,1370.0,1300.0,,1800.0,1950.0,2,4,435.0,176.0,,1377.0
2025-03-17 09:24:00,2025,3,17,0,0,3280.0,1995.0,1355.0,1285.0,,1900.0,2600.0,3,4,481.0,158.0,24.0,1601.0
2025-03-14 11:01:00,2025,3,14,4,0,3250.0,1940.0,1380.0,1310.0,,1780.0,2280.0,2,4,481.0,448.0,,1492.0
2025-03-13 08:50:00,2025,3,13,3,0,3250.0,1875.0,1445.0,1375.0,,1700.0,2150.0,3,4,419.0,421.0,,1505.0
2025-03-12 10:39:00,2025,3,12,2,0,3000.0,1775.0,1295.0,1225.0,,1630.0,1950.0,2,4,526.0,451.0,,990.0
2025-03-10 09:10:00,2025,3,10,0,0,3200.0,1760.0,1510.0,1440.0,,1650.0,2400.0,2,4,343.0,383.0,,1438.0
2025-03-09 09:55:00,2025,3,9,6,1,3050.0,1820.0,1300.0,1230.0,,1840.0,1930.0,2,4,343.0,261.0,,1401.0
2025-03-07 09:12:00,2025,3,7,4,0,3250.0,1930.0,1390.0,1320.0,,1580.0,2185.0,2,4,403.0,782.0,24.0,1624.0
2025-03-06 08:59:00,2025,3,6,3,0,3200.0,1926.0,1344.0,1274.0,,1630.0,2480.0,2,4,385.0,501.0,24.0,1689.0
2025-03-05 09:06:00,2025,3,5,2,0,3280.0,1624.0,1726.0,1656.0,,1315.0,2380.0,2,4,375.0,514.0,,1726.0
2025-03-03 08:53:00,2025,3,3,0,0,3250.0,1723.0,1597.0,1527.0,,1605.0,2250.0,1,4,438.0,816.0,,1562.0
2025-03-02 10:23:00,2025,3,2,6,1,3150.0,1908.0,1312.0,1242.0,,1750.0,2130.0,0,3,501.0,507.0,,1456.0
2025-03-01 09:07:00,2025,3,1,5,1,3250.0,1745.0,1575.0,1505.0,,1740.0,2130.0,3,3,419.0,489.0,24.0,1736.0
2025-03-27 10:04:00,2025,3,27,3,0,3280.0,1835.0,1515.0,1445.0,,1835.0,2450.0,1,4,,,,1528.0
2025-03-08 09:10:00,2025,3,8,5,1,3250.0,1851.0,1469.0,1399.0,,1800.0,2085.0,2,4,343.0,312.0,24.0,1696.0
2025-03-04 08:52:00,2025,3,4,1,0,3200.0,1593.0,1677.0,1607.0,,1443.0,2380.0,1,4,430.0,571.0,24.0,1591.0
2025-03-23 09:56:00,2025,3,23,6,1,3020.0,1960.0,1130.0,1060.0,,1930.0,1813.0,1,4,,,,1154.0
2025-03-11 09:23:00,2025,3,11,1,0,3200.0,1860.0,1410.0,1340.0,,1950.0,2200.0,3,4,409.0,354.0,,1552.0
2025-03-30 10:41:00,2025,3,30,6,1,3300.0,1800.0,1570.0,1500.0,,1700.0,2550.0,3,3,,,24.0,1624.0
2025-04-30 09:43:00,2025,4,30,2,0,3400.0,1940.0,1530.0,1460.0,,1870.0,2880.0,3,3,368.0,644.0,,1639.0
2025-04-29 09:29:00,2025,4,29,1,0,3420.0,1870.0,1620.0,1550.0,,1820.0,2710.0,2,3,383.0,706.0,24.0,1697.0
2025-04-28 09:51:00,2025,4,28,0,0,3300.0,1947.0,1423.0,1353.0,,1887.0,2580.0,2,3,399.0,666.0,24.0,1450.0
2025-04-27 10:09:00,2025,4,27,6,1,3300.0,1857.0,1513.0,1443.0,,1900.0,2500.0,2,3,399.0,656.0,24.0,1617.0
2025-04-26 11:59:00,2025,4,26,5,1,3400.0,1771.0,1699.0,1629.0,131.0,1640.0,2700.0,3,3,355.0,741.0,24.0,1867.0
2025-04-25 09:05:00,2025,4,25,4,0,3380.0,1650.0,1800.0,1730.0,,1650.0,2710.0,2,3,399.0,725.0,24.0,1680.0
2025-04-24 07:59:00,2025,4,24,3,0,3380.0,1720.0,1730.0,1660.0,,1660.0,2780.0,3,3,321.0,700.0,,1901.0
2025-04-23 10:31:00,2025,4,23,2,0,3350.0,1704.0,1716.0,1646.0,,1636.0,2700.0,3,3,337.0,649.0,24.0,1662.0
2025-04-22 10:02:00,2025,4,22,1,0,3350.0,1752.0,1668.0,1598.0,,1480.0,2600.0,3,3,232.0,474.0,24.0,1736.0
2025-04-21 09:27:00,2025,4,21,0,0,3450.0,1652.0,1858.0,1798.0,,1527.0,2700.0,3,3,262.0,466.0,24.0,1767.0
2025-04-20 08:20:00,2025,4,20,6,1,3350.0,1654.0,1766.0,1696.0,,1450.0,2500.0,3,3,265.0,490.0,,1678.0
2025-04-19 09:13:00,2025,4,19,5,1,3400.0,2035.0,1435.0,1365.0,,1600.0,2650.0,2,3,322.0,627.0,,
2025-04-18 12:04:00,2025,4,18,4,0,3400.0,2035.0,1435.0,1365.0,,1600.0,2650.0,2,1,322.0,627.0,,1706.0
2025-04-17 09:17:00,2025,4,17,3,0,3400.0,1769.0,1701.0,1631.0,,1506.0,2570.0,2,3,342.0,614.0,,1742.0
2025-04-16 09:05:00,2025,4,16,2,0,3350.0,1731.0,1689.0,1619.0,,1731.0,2494.0,1,3,358.0,603.0,,1623.0
2025-04-15 09:13:00,2025,4,15,1,0,3390.0,1820.0,1640.0,1570.0,,1820.0,2395.0,1,3,412.0,619.0,,1601.0
2025-04-14 08:46:00,2025,4,14,0,0,3250.0,1838.0,1482.0,1412.0,1.0,1818.0,2155.0,1,3,411.0,659.0,,1334.0
2025-04-13 10:06:00,2025,4,13,6,1,3300.0,1930.0,1440.0,1370.0,,1860.0,2006.0,2,3,391.0,564.0,,1588.0
2025-04-09 09:51:00,2025,4,9,2,0,3400.0,1930.0,1540.0,1470.0,,1860.0,2520.0,2,3,394.0,345.0,24.0,1631.0
2025-04-08 10:31:00,2025,4,8,1,0,3500.0,1927.0,1643.0,1573.0,,1687.0,2780.0,2,3,461.0,307.0,24.0,1801.0
2025-04-07 10:23:00,2025,4,7,0,0,3500.0,1864.0,1706.0,1636.0,8.0,1710.0,2800.0,2,3,392.0,456.0,24.0,1808.0
2025-04-06 08:58:00,2025,4,6,6,1,3450.0,1905.0,1615.0,1545.0,,1703.0,2715.0,2,3,366.0,423.0,24.0,1651.0
2025-04-05 09:47:00,2025,4,5,5,1,3450.0,1885.0,1635.0,1565.0,,1755.0,2800.0,2,3,346.0,565.0,24.0,1727.0
2025-04-03 08:48:00,2025,4,3,3,0,3450.0,1975.0,1545.0,1475.0,,1975.0,2800.0,1,3,464.0,485.0,,1518.0
2025-04-02 09:30:00,2025,4,2,2,0,3400.0,1910.0,1560.0,1490.0,,1910.0,2895.0,1,3,384.0,460.0,,1629.0
2025-04-01 10:17:00,2025,4,1,1,0,3380.0,1870.0,1580.0,1510.0,,1870.0,2700.0,2,4,311.0,447.0,24.0,1536.0
2025-04-12 10:11:00,2025,4,12,5,1,3300.0,1810.0,1560.0,1490.0,,1810.0,2260.0,2,3,391.0,553.0,,1604.0
2025-04-10 09:33:00,2025,4,10,3,0,3400.0,1930.0,1540.0,1470.0,,1860.0,2520.0,2,3,394.0,345.0,24.0,1631.0
2025-04-04 10:58:00,2025,4,4,4,0,3450.0,1840.0,1680.0,1610.0,,1840.0,2750.0,2,3,350.0,501.0,24.0,1619.0
2025-05-09 08:27:00,2025,5,9,4,0,3400.0,1858.0,1612.0,1542.0,,1700.0,2800.0,2,4,338.0,462.0,24.0,1775.0
2025-05-08 09:44:00,2025,5,8,3,0,3380.0,1910.0,1540.0,1470.0,,1830.0,2850.0,2,4,317.0,,24.0,1632.0
2025-05-07 09:23:00,2025,5,7,2,0,3400.0,1780.0,1690.0,1620.0,,1700.0,2800.0,2,4,363.0,545.0,,1708.0
2025-05-06 10:03:00,2025,5,6,1,0,3380.0,1875.0,1575.0,1505.0,,1695.0,2800.0,2,5,301.0,545.0,24.0,1730.0
2025-05-05 09:10:00,2025,5,5,0,0,3400.0,1790.0,1680.0,1610.0,,1855.0,2725.0,2,5,413.0,610.0,24.0,1450.0
2025-05-03 08:39:00,2025,5,3,5,1,3400.0,2053.0,1417.0,1347.0,,1720.0,2710.0,1,3,488.0,577.0,24.0,1683.0
2025-05-02 11:58:00,2025,5,2,4,0,3350.0,2014.0,1406.0,1336.0,,1700.0,2700.0,2,3,518.0,872.0,24.0,1337.0
2025-05-01 11:50:00,2025,5,1,3,0,3150.0,2035.0,1185.0,1115.0,,1985.0,2450.0,2,3,399.0,558.0,24.0,1587.0
2025-05-04 11:00:00,2025,5,4,6,1,3400.0,2053.0,1417.0,1347.0,,1840.0,2550.0,2,4,413.0,573.0,,1682.0
